Taxonomia atual,1,2,3
Acacia dealbata Link,,,
Acanthus mollis L.,,,
Acer campestre L.,,,
Acer monspessulanum L.,,,
Acer pseudoplatanus L.,,,
Achillea ageratum L.,,,
Achillea millefolium L.,Achillea millefolium subsp. millefolium,,
Achnatherum bromoides (L.) P. Beauv.,,,
"Achnatherum paradoxum (L.) Banfi, Galasso & Bartolucci",Piptatherum paradoxum (L.) P. Beauv.,,
Acis autumnalis (L.) Sweet,Leucojum autumnale L.,,
Acis trichophylla Sweet ex G.Don,Leucojum trichophyllum Schousb.,,
Adenocarpus complicatus (L.) J.Gay,Adenocarpus complicatus (L.) J. Gay in Durieu,,
Adenocarpus complicatus subsp. lainzii Castrov.,Adenocarpus complicatus (L.) J. Gay in Durieu subsp. lainzii Castrov.,,
Adenocarpus hispanicus subsp. hispanicus,Adenocarpus anisochilus Boiss.,,
Adenocarpus telonensis (Loisel.) DC.,Adenocarpus telonensis (Loisel.) DC. in Lam. & DC.,,
Adenocarpus hispanicus subsp. argyrophyllus (Rivas Goday) Rivas Goday,Adenocarpus argyrophyllus (Rivas Goday) Caball.,,
Aegilops geniculata Roth,,,
Aetheorrhiza bulbosa subsp. bulbosa,Sonchus bulbosus (L.) N.Kilian & Greuter,,
Aetheorrhiza bulbosa subsp. bulbosa,Sonchus bulbosus (L.) N.Kilian & Greuter subsp. bulbosus,,
Agrimonia eupatoria L.,,,
Agrimonia eupatoria subsp. eupatoria,Agrimonia eupatoria L. subsp. eupatoria,,
Agrostemma githago L.,,,
Agrostis capillaris L.,Agrostis Xcapillaris_X_A._castellana,,
Agrostis castellana Boiss. & Reut.,,,
Agrostis curtisii Kerguélen,,,
Agrostis durieui Willk.,Agrostis truncatula subsp. commista Castrov. & Charpin,,
Agrostis setarea,,Agrostis setarea,
Agrostis sp.,,,
Agrostis stolonifera L.,,,
Aira caryophyllea L.,,,
Aira cupaniana Guss.,,,
Aira praecox L.,,,
Airopsis tenella (Cav.) Coss. & Durieu,Airopsis tenella (Cav.) Asch. & Graebn.,,
Ajuga iva (L.) Schreb.,,,
Ajuga pyramidalis L.,,,
Ajuga pyramidalis subsp. meonantha (Hoffmanns. & Link) Fern.Casas,Ajuga pyramidalis L. subsp. meonantha (Hoffmanns. & Link) R. Fernandes,,
Ajuga reptans L.,,,
Alliaria petiolata (M.Bieb.) Cavara & Grande,,,
Allium massaessylum Batt. & Trab.,Allium masaessylum,,
Allium neapolitanum Cirillo,Alium neapolitanum,,
Allium paniculatum L. ,Allium paniculatum L. subsp. paniculatum,,
Allium pruinatum Link ex Spreng.,,,
Allium roseum L.,,,
Allium scorzonerifolium Desf. ex DC.,Allium scorzonerifolium Desf. ex DC. in Redouté,,
Allium sphaerocephalon L.,,,
Allium victorialis L.,,,
Alnus glutinosa (L.) Gaertn.,,,
Amelanchier ovalis Medik.,,,
Ammophila arenaria (L.) Link,,,
"Anacamptis morio (L.) R.M.Bateman, Pridgeon & M.W.Chase",Orchis morio L.,Orchis morio L. subsp. champagneuxii (Barnéoud) E.G. Camus,
"Anacamptis morio subsp. champagneuxii (Barnéoud) H.Kretzschmar, Eccarius & H.Dietr.",Orchis champagneusii,,
Anacamptis morio subsp. picta (Loisel.) Jacquet & Scappat.,Orchis morio L. subsp. picta (Loisel.) Arcang.,,
Anacamptis pyramidalis (L.) Rich.,,,
Anagallis arvensis L.,,,
Anagallis monelli L.,,,
Anagyris foetida L.,,,
Anarrhinum bellidifolium (L.) Willd.,,,
Anarrhinum duriminium (Brot.) Pers.,,,
Anarrhinum longipedicellatum R.Fern.,Anarrhiunum longipedicellatum,,
Andryala integrifolia L.,,,
Anemone nemorosa L.,,,
Anemone palmata L.,,,
Anemone trifolia L.,,,
Anemone trifolia subsp. albida (Mariz) Ulbr.,Anemone trifolia L. subsp. albida (Mariz) Ulbr.,,
Angelica major Lag.,,,
Angelica sylvestris L.,,,
Anogramma leptophylla (L.) Link,,,
Anthoxanthum amarum Brot.,,,
Anthoxanthum aristatum Boiss.,Anthoxanthum aristatum subsp. aristatum var. w,Anthoxanthum ovatum Lag. aristatum (Boiss.) Litard. 020851,
Anthoxanthum odoratum L.,,,
Anthriscus caucalis M.Bieb.,Anthiriscus caucaulis,,
Anthriscus caucalis M.Bieb.,,,
Anthriscus sylvestris (L.) Hoffm.,,,
Anthyllis cornicina L.,Hymenocarpos cornicina (L.) Vis.,,
Anthyllis cytisoides L.,,,
Anthyllis lotoides L.,Hymenocarpos lotoides (L.) Vis.,,
Anthyllis vulneraria L.,,,
Anthyllis vulneraria subsp. gandogeri (Sagorski) Maire,Anthyllis vulneraria L. subsp. gandogeri (Sagorski) W. Becker ex Maire,,
Anthyllis vulneraria subsp. maura (Beck) Maire,Anthyllis vulneraria L. subsp. maura (G. Beck) Maire,,
Antirrhinum cirrhigerum (Welw. ex Ficalho) Rothm.,Antirrhinum majus L. subsp. cirrhigerum (Ficalho) Franco,,
Antirrhinum graniticum Rothm.,Antirhinum graniticum,,
Antirrhinum linkianum Boiss. & Reut.,Antirrhinum majus L. subsp. linkianum (Boiss. & Reut.) Rothm.,,
Aphanes microcarpa (Boiss. & Reut.) Rothm.,,,
Aquilegia vulgaris L.,,,
Aquilegia vulgaris subsp. dichroa (Freyn) T.E.Díaz,Aquilegia vulgaris L. subsp. dichroa (Freyn) T.E. Díaz,,
Arabis alpina L.,,,
Arabis juressi Rothm.,Arabis juresii,,
Arabis planisiliqua (Pers.) Rchb.,,,
Arabis stenocarpa Boiss. & Reut.,Arabis hirsuta var. stenocarpa,,
Arbutus unedo L.,,,
Arctium minus (Hill) Bernh.,,,
Arctostaphylos uva-ursi (L.) Spreng.,,,
Arenaria montana L.,,,
Arenaria montana subsp. montana,Arenaria montana L. subsp. montana,,
Arenaria montana subsp. intricata (Ser.) Pau,Arenaria montana L. subsp. intricata (Ser.) Pau,,
Arenaria serpyllifolia L.,,,
Aria edulis (Willd.) M.Roem.,Sorbus aria (L.) Crantz,,
Arisarum simorrhinum Durieu,,,
Arisarum vulgare O.Targ.Tozz.,Arisarum vulgare Targ.-Tozz.,,
Aristolochia baetica L.,,,
Aristolochia paucinervis Pomel,,,
Aristolochia pistolochia L.,,,
Armeria beirana Franco,,,
Armeria beirana subsp. beirana,,,
Armeria pubigera (Desf.) Boiss.,,,
Armeria pungens (Link) Hoffmanns. & Link,,,
Armeria rouyana Daveau,,,
Armeria transmontana (Samp.) Lawr.,Armeria transmontana (Samp.) G.H.M. Lawr.,,
Arnoseris minima (L.) Schweigg. & Körte,,,
Arrhenatherum album (Vahl) Clayton,Arrhenatherum album (Vahl) W. D. Clayton,,
Arrhenatherum elatius (L.) P.Beauv. ex J.Presl & C.Presl,,,
Arrhenatherum elatius subsp. baeticum Romero Zarco,Arrhenatherum elatius (L.) P. Beauv. ex J. Presl & C. Presl subsp. baeticum Romero Zarco,,
Arrhenatherum elatius subsp. bulbosum (Willd.) Schübl. & G.Martens,Arrhenatherum elatius (L.) P. Beauv. ex J. Presl & C. Presl subsp. bulbosum (Willd.) Schübl. & Martens,,
Arrhenatherum sp.,,,
Artemisia campestris subsp. campestris,Artemisia campestris L. subsp. glutinosa (J. Gay ex DC.) Batt. in Batt. & Trab.,,
Arum cylindraceum Gasp.,,,
Arum italicum Mill.,Arum italicum subsp. italicum,Arum italicum Mill. subsp. italicum,Arum gr. italicum Mill.
Arum italicum subsp. neglectum (F.Towns.) Prime,Arum italicum Mill. subsp. neglectum (Towns.) Prime,,
Arum maculatum L.,,,
Arundo donax L.,,,
Asparagus acutifolius L.,,,
Asparagus albus L.,,,
Asparagus aphyllus L.,,,
Asparagus horridus L.,Asparagus horridus L. fil.,,
Asperula cynanchica L.,,,
Asperula hirsuta Desf.,,,
Asphodelus aestivus Brot.,,,
Asphodelus albus Mill.,Asphodelus albus subsp. albus,,
Asphodelus albus subsp. villarsii (Verl. ex Jord.) I.Richardson & Smythies,Asphodelus albus Mill. subsp. villarsii (Verl. ex Billot) I.Richardson & Smythies,,
Asphodelus fistulosus L.,,,
Asphodelus lusitanicus Cout.,Asplenium trichomanes L. subsp. trichomanes,,
Asphodelus macrocarpus Parl.,,,
Asphodelus ramosus L.,,,
Asphodelus sp.,,,
Asplenium adiantum-nigrum L.,Asplenium adiantum-nigrum subsp. adiantum-nigrum,Asplenium adiantum-nigrum L. subsp. adiantum-nigrum,
Asplenium ceterach L.,,,
"Asplenium obovatum subsp. billotii (F.W.Schultz) O.Bolòs, Vigo, Masalles & Ninot",Asplenium billotii F.W. Schultz,,
Asplenium onopteris L.,,,
Asplenium ruta-muraria L.,,,
Asplenium scolopendrium L.,,,
Asplenium trichomanes L.,,,
Asplenium trichomanes subsp. quadrivalens D.E.Mey.,Asplenium trichomanes L. subsp. quadrivalens D.E. Mey.,,
Asplenium trichomanes subsp. trichomanes,Asplenium trichomanes L. subsp. trichomanes,,
Asteriscus aquaticus (L.) Less.,,,
Astragalus glycyphyllos L.,,,
Astrantia major L.,,,
Athyrium filix-femina (L.) Roth,,,
Atriplex prostrata Boucher ex DC,Atriplex prostrata Boucher ex DC. in Lam. & DC.,,
Avena sterilis L.,,,
Avena sterilis subsp. ludoviciana (Durieu) Gillet & Magne,Avena sterilis L. subsp. ludoviciana (Durieu) Gillet & Magne,,
Avenella flexuosa (L.) Drejer,,,
Avenella flexuosa subsp. stricta (Willk. & Lange) Veldkamp,Avenella stricta,,
Avenochloa filifolia subsp. cantabrica,,,
Avenula stenophylla,,,
"Bartramia pomiformis Hedwig, 1801",,Bartramia pomiformis,
Bellardia trixago (L.) All.,Bartsia trixago L.,,
Bellardia viscosa (L.) Fisch. & C.A.Mey.,Parentucellia viscosa (L.) Caruel in Parl.,,
Bellis annua L.,,,
Bellis perennis L.,,,
Bellis sylvestris Cirillo,,,
Bellis sylvestris subsp. pappulosa (Boiss. & Reut. ex DC.) Coste,,Bellis sylvestris subsp. pappulosa,
Berberis vulgaris L.,,,
Beta maritima L.,,,
Betonica officinalis L.,Stachys officinalis (L.) Trevis.,,
Betonica officinalis var. algeriensis (de Noé) Ball,Stachys officinalis subsp. algerensis,,
Betula pubescens Ehrh.,,,
Biarum arundanum Boiss. & Reut.,,,
Biarum tenuifolium (L.) Schott,,,
Biscutella laevigata L. subsp. stenophylla (L.M. Dufour) Vigo,,,
Biscutella laevigata L.,,Biscutella gr. laevigata L.,
Bituminaria bituminosa (L.) C.H.Stirt.,,,
Blackstonia perfoliata (L.) Huds.,,,
Blackstonia perfoliata subsp. perfoliata (L.) Huds.,Blackstonia perfoliata (L.) Huds. subsp. perfoliata,,
Blechnum spicant (L.) Roth,Blechnum spicant (L.) Roth,Blechnum spicant subsp. spicant var. f_spicant,
Brachypodium distachyon (L.) P.Beauv.,,,
Brachypodium phoenicoides (L.) Roem. & Schult.,,,
Brachypodium pinnatum (L.) P. Beauv.,Brachypodium pinnatum subsp. rupestre (Host) Schübl. & G.Martens,,
Brachypodium retusum (Pers.) P. Beauv.,,,
Brachypodium sylvaticum (Huds.) P. Beauv.,"Brachypodium sylvaticum subsp. sylvaticum (Huds.) P.Beauv., 1812",Brachypodium sylvaticum subsp. sylvaticum,
"Brachythecium rivulare W.P.Schimper, 1853",Brachythecium rivulare,,
Brachythecium sp.,,,
Briza maxima L.,,,
Briza media L.,,,
Briza minor L.,,,
Bromus diandrus Roth,,,
Bromus erectus Huds.,,,
Bromus hordeaceus L.  subsp. hordeaceus ,Bromus hordeaceus L. subsp. hordeaceus,,
Bromus madritensis L.,,,
Bromus ramosus Huds.,,,
Bromus sterilis L.,,,
Bryoerythrophyllum recurvirostrum (Hedw.) P.C.Chen,Erythrophyllum rubellum,,
Bryonia dioica Jacq.,,,
Bryopsida sp.,,,
Bunium bulbocastanum L.,,,
Bupleurum acutifolium Boiss.,,,
Bupleurum falcatum L.,,,
Bupleurum fruticescens Loefl. ex L.,,,
Bupleurum fruticosum L.,,,
Bupleurum rigidum L.,,,
Bupleurum rigidum subsp. paniculatum (Brot.) H.Wolff,Bupleurum rigidum L. subsp. paniculatum (Brot.) H. Wolff in Engl.,Bupleurum puniculatum,
Bupleurum sp.,,,
Calendula arvensis L.,,,
Calendula suffruticosa subsp. lusitanica (Boiss.) Ohle,Calendula suffruticosa Vahl subsp. lusitanica (Boiss.) Ohle,,
Calendula suffruticosa subsp. tomentosa (Desf. ex Ball) Murb.,Calendula suffruticosa Vahl subsp. tomentosa Murb.,,
Calepina irregularis (Asso) Thell.,,,
Calicotome villosa (Poir.) Link,,,
Calluna vulgaris (L.) Hull,,,
Calystegia sepium (L.) R. Br.,,,
Campanula alata Desf.,,,
Campanula erinus L.,,,
Campanula glomerata L.,,,
Campanula lusitanica Loefl.,Campanula lusitanica L. in Loefl. subsp. lusitanica,,
Campanula rapunculus L.,,,
Camptothecium lutescens (Hedw.) Schimp.,,,
Canna indica L.,,,
Capparis spinosa L.,,,
Capsella bursa-pastoris (L.) Medik.,,,
Cardamine flexuosa With.,,,
Cardamine hirsuta L.,,,
Cardamine raphanifolia Pourr.,Cardamine raphanipholia,,
Carduncellus caeruleus (L.) C. Presl,,,
Carduus broteri (Welw. ex Mariz) Cout.,Carduus broteri Welw. ex Cout.,,
Carduus carpetanus Boiss. & Reut.,,,
Carduus platypus Lange,,,
Carduus tenuiflorus Curtis,,,
Carex caryophyllea Latourr.,,,
Carex caudata (Kük.) Pereda & Laínz,Carex caudata (Kük.) Pereda & M. Laínz,,
Carex depauperata Curtis ex With.,,,
Carex depressa Link,Carex depressa subsp. depressa,,
Carex distachya Desf.,Carex dystachia,,
Carex distachya var. distachya,,Carea longiseta,
Carex distans L.,,,
Carex divisa Huds.,Carex divulsa Stokes in With.,,
Carex flacca Schreb.,,,
Carex halleriana Asso,,,
Carex humilis Leyss.,,,
Carex laevigata Sm.,,,
Carex leersii F.W.Schultz,Carex divulsa Stokes in With. subsp. leersii (Kneuck.) W. Koch,,
Carex leporina L.,,,
Carex muricata L.,,,
Carex oedipostyla Duval-Jouve,,,
Carex otrubae Podp.,,,
Carex pairae F.W.Schultz,Carex muricata subsp. pairaei (F.W.Schultz) Asch. & Graebn.,,
Carex paniculata subsp. lusitanica (Willd.) Maire,Carex paniculata L. subsp. lusitanica (Schkuhr) Maire,,
Carex pendula Huds.,,,
Carex pilulifera L.,,,
Carex pilulifera L.,Carex pilulifera subsp. pilulifera L.,,
Carex remota L.,,,
Carex reuteriana Boiss.,Carex elata subsp. reuteriana (Boiss.) Luceño & Aedo,,
Carex reuteriana Boiss.,Carex elata subsp. reuteriana (Boiss.) Luceño & Aedo,,
Carex riparia Curtis,,,
Carex sp.,,,
Carex spicata Huds.,,,
Carex sylvatica Huds.,,,
Carlina corymbosa L.,Carlina corymbosa subsp. corymbosa,,
Carlina hispanica Lam.,Carlina corymbosa subsp. hispanica (Lam.) O.Bolòs & Vigo,,
Carlina racemosa L.,,,
Carlina vulgaris L.,,,
Caroxylon genistoides Pau,Salsola genistoides Juss. ex Poir. in Lam.,,
Castanea sativa Mill.,,,
Celtica gigantea (Link) F.M.Vázquez & Barkworth,,,
Centaurea africana Lam.,,,
Centaurea alba subsp. latronum (Pau) Dostál,,,
Centaurea aristata Hoffmanns. & Link,Centaurea paniculata subsp. castellana (Boiss. & Reut.) Dostál,,
Centaurea aspera subsp. stenophylla (Dufour) Nyman,Centaurea aspera L. subsp. stenophylla (L.M. Dufour) Nyman,,
Centaurea cordubensis Font Quer,,,
Centaurea francoi Figueiredo & Gideon F.Sm.,Centaurea crocata Franco,,
Centaurea langei Nyman,Centaurea langei subsp. langei,Centaurea langei Nyman subsp. langei,
"Centaurea langei subsp. rothmaleriana (Arènes) E.López, Devesa & Arnelas","Centaurea langei Nyman subsp. rothmaleriana (Arènes) E. López, Devesa",,
Centaurea melanosticta Lange,Centaurea melanosticta,,
Centaurea melitensis L.,,,
Centaurea montana L.,Centaurea graminifolia Pourr.,,
Centaurea nigra L.,,,
Centaurea nigra subsp. carpetana (Boiss. & Reut.) Nyman,Centaurea nigra L. subsp. carpetana (Boiss. & Reut.) Nyman,,
Centaurea nigra subsp. rivularis (Brot.) Cout.,Centaurea nigra L. subsp. rivularis (Brot.) Cout.,,
Centaurea paniculata L.,,,
Centaurea paniculata subsp. castellana (Boiss. & Reut.) Dostál,Centaurea paniculata L. subsp. castellana (Boiss. & Reut.) Dostál,,
Centaurea pullata L.,,,
Centaurium erythraea Raf.,Centaurium erythraea subsp. erythraea,,
Centaurium grandiflorum subsp. majus (Hoffmanns. & Link) Z.Díaz,Centaurium erythraea subsp. majus (Hoffmanns. & Link) M.Laínz,,
Centaurium pulchellum (Sw.) Druce,,,
Centranthus calcitrapae (L.) Dufr.,Centranthus calritrapa,Centranthus calcitrapae (L.) Dufr. subsp. calcitrapae,
Cephalanthera longifolia (L.) Fritsch,Cephalantera longifolia,,
Cephalanthera rubra (L.) Rich.,,,
Cephalaria leucantha (L.) Schrad. ex Roem. & Schult.,Cephalaria leucantha (L.) Roem. & Schult.,,
Cerastium brachypetalum Desf. ex Pers.,Cerastium brachypetalum N.H.F. Desp. ex Pers.,,
Cerastium fontanum Baumg.,,,
Cerastium glomeratum Thuill.,Cerastium fontanum Baumg. subsp. triviale (Link) Jalas,,
Cerastium sp.,,,
Ceratocapnos claviculata (L.) Lidén,,,
Ceratonia siliqua L.,,,
Chaerophyllum hirsutum L.,,,
Chaetonychia cymosa (L.) Sw.,Chaetonychia cymosa (L.) Sweet,,
Chamaerops humilis L.,,,
Cheirolophus sempervirens (L.) Pomel,,,
Chrysojasminum fruticans (L.) Banfi,Jasminum fruticans L.,,
Chrysosplenium oppositifolium L.,,,
Circaea lutetiana L.,Circaea lutetiana L. subsp. lutetiana,,
Cirsium arvense (L.) Scop.,,,
Cirsium filipendulum Lange,,,
Cirsium palustre (L.) Scop.,,,
Cirsium pannonicum (L. fil.) Link,,,
Cirsium vulgare (Savi) Ten.,,,
Cistus ×hybridus Pourr.,Cistus ×hybridus,,
Cistus ×incanus L.,Cistus X_pulverulentus,,
Cistus albidus L.,,,
Cistus clusii Dunal,Cistus clusii Dunal in DC.,,
Cistus creticus L.,,,
Cistus crispus L.,,,
Cistus inflatus Pourr. ex Demoly,Cistus psilosepalus Sweet,,
Cistus ladanifer L.,,,
Cistus ladanifer subsp. ladanifer,Cistus ladanifer L. subsp. ladanifer,,
Cistus laurifolius L.,,,
Cistus libanotis L.,,,
Cistus monspeliensis L.,,,
Cistus populifolius L.,Cistus populifolius L. subsp. populifolius,,
Cistus populifolius L.,Cistus gr. populifolius L.,,
Cistus salviifolius L.,,,
Cistus × aguilari O.E.Warb.,Cistus Xpopulifolius_X_ladanifer,Cistus Xpopulifolius_X_ladanifer,
Cladanthus mixtus (L.) Chevall.,,,
Cladonia chlorophaea (Flörke ex Sommerf.) Spreng.,Cladonia chlorophaea,,
Cladonia mediterranea P.A.Duvign. & Abbayes,Cladonia mediterranica,,
Cladonia portentosa (Dufour) Coem.,Cladonia potentosa,,
Cladonia pyxidata (L.) Hoffm.,,,
Cladonia rangiferina (L.) Weber ex F.H.Wigg.,,,
Cladonia sp.,,,
Clematis cirrhosa L.,,,
Clematis flammula L.,,,
Clematis vitalba L.,,,
Clematis viticella subsp. campaniflora (Brot.) Kuntze,Clematis campaniflora Brot.,,
Cleonia lusitanica (L.) L.,,,
Clinopodium alpinum (L.) Kuntze,Acinos alpinus (L.) Moench,,
Clinopodium nepeta (L.) Kuntze,Calamintha nepeta (L.) Savi,,
Clinopodium nepeta subsp. nepeta (L.) Kuntze,Calamintha nepeta subsp. nepeta (L.) Savi,,
Clinopodium vulgare L.,Clinopodium gr. vulgare L.,,
Clinopodium vulgare L.,Clinopodium vulgare L. subsp. arundanum (Boiss.) Nyman,,
Clinopodium vulgare L.,,,
Clinopodium vulgare subsp. arundanum (Boiss.) Nyman,Clinopodium arundanun,,
Clinopodium vulgare subsp. arundanum (Boiss.) Nyman,Satureja arundana,,
Coincya monensis (L.) Greuter & Burdet,,,
"Coincya monensis subsp. cheiranthos (Vill.) C.Aedo Pérez, Leadlay & Muñoz Garm.","Coincya monensis (L.) Greuter & Burdet subsp. cheiranthos (Vill.) Aedo, Leadlay & Muñoz Garm.",,
"Coincya monensis subsp. orophila (Franco) C.Aedo Pérez, Leadlay & Muñoz Garm."," Coincya orophila (Franco) Rivas Mart., Fern.Gonz. & Sánchez Mata",,
Colchicum lusitanum Brot.,,,
Coleostephus myconis (L.) Rchb. fil.,,,
Colutea arborescens subsp. hispanica (Talavera & Arista) Mateo & M.B.Crespo,Colutea hispanica Talavera & Arista,,
Conopodium arvense (Coss.) Calest.,,,
Conopodium majus subsp. marizianum (Samp.) López Udias & Mateo,,,
Conopodium majus (Gouan) Loret,Conopodium majus (Gouan) Loret in Loret & Barrandon,,
Conopodium majus subsp. marizianum (Samp.) López Udias & Mateo,Conopodium majus (Gouan) Loret in Loret & Barrandon subsp. marizianum (Samp.) López Udias & Mateo,,
Conopodium marianum Lange,,Conopodium marianicum,
Conopodium pyrenaeum (Loisel.) Miégev.,,,
Conopodium sp.,,,
Conopodium subcarneum (Boiss. & Reut.) Boiss. & Reut. in Boiss.,,,
Convolvulus althaeoides L.,,,
Corema album (L.) D. Don,,,
"Coristospermum lucidum subsp. lucidum (Mill.) Reduron, Charpin & Pimenov, 1997",Ligusticum lucidum Mill.,Ligusticum lucidum Mill. subsp. lucidum,
Cormus domestica (L.) Spach,Sorbus domestica L.,,
Cornus sanguinea L.,Cornus sanguinea subsp. sanguinea,Cornus sanguinea L. subsp. sanguinea,
Coronilla dura (Cav.) Boiss.,Coronilla repanda (Poir.) Guss. subsp. dura (Cav.) Cout.,,
Coronilla juncea L.,,,
Coronilla minima L.,,,
Coronilla valentina subsp. glauca (L.) Batt.,,Coronilla valentina L. subsp. glauca (L.) Batt. in Batt. & Trab.,
Corylus avellana L.,,,
Cosentinia vellea (Aiton) Tod.,,,
"Cota triumfetti (L.) J.Gay ex Guss., 1844",Cota triumfetti (L.) J.Gay,,
Crataegus monogyna Jacq.,Crataegus monogina subsp. brevispina,,
Crepis capillaris (L.) Wallr.,Crepis capilaris,,
Crepis lampsanoides (Gouan) Tausch,,,
Crepis vesicaria L.,,,
Crepis vesicaria subsp. taraxacifolia (Thuill.) Thell.,Crepis vesicaria L. subsp. haenseleri (Boiss. ex DC.) P.D. Sell,,
Crithmum maritimum L.,,,
Crocus carpetanus Boiss. & Reut.,,,
Crocus nudiflorus Sm.,,,
Crucianella angustifolia L.,,,
Cruciata glabra (L.) Opiz,Cruciata glabra (L.) Ehrend.,,
Cruciata glabra subsp. hirticaulis (Beck) Natali & Jeanm.,Cruciata glabra subsp. hirticaulis,,
Cruciata laevipes Opiz,,,
"Cuscuta epithymum subsp. epithymum (L.) L., 1774",Cuscuta epithymum (L.) L. subsp. kotschyi (Desmoulins) Arcangeli,,
Cynara algarbiensis Coss. ex Mariz,,,
Cynara humilis L.,,,
Cynodon dactylon (L.) Pers.,,,
Cynoglossum creticum Mill.,,,
Cynosurus cristatus L.,,,
Cynosurus echinatus L.,Cynosorum echinatus,,
Cynosurus elegans Desf.,Cynosurus effusus Schrad.,,
Cystopteris diaphana (Bory) Blasdell,Cystopteris viridula (Desv.) Desv.,,
Cystopteris fragilis (L.) Bernh.,Cystopteris fragilis (L.) Bernh. in Schrad.,,
Cytinus hypocistis (L.) L.,,,
Cytinus hypocistis subsp. macranthus Wettst.,Cytinus hypocistis subsp. macracanthus,Cytinus hypocistis (L.) L. subsp. macranthus Wettst.,
Cytisus arboreus (Desf.) DC.,,,
Cytisus grandiflorus DC.,Cytisus grandiflorus (Brot.) DC.,,
Cytisus grandiflorus subsp. grandiflorus,,Cytisus grandiflorus (Brot.) DC. subsp. grandiflorus,
Cytisus multiflorus (L'Hér.) Sweet,,,
Cytisus scoparius (L.) Link,,,
Cytisus scoparius subsp. scoparius,,Cytisus scoparius (L.) Link subsp. scoparius,
Cytisus sp.,,,
Cytisus striatus (Hill) Rothm.,,,
Daboecia cantabrica (Huds.) K. Koch,,,
Dactylis glomerata L.,Dactylis glomerata L. subsp. glomerata,,
Dactylis glomerata subsp. hispanica (Roth) Nyman,,Dactylis glomerata L. subsp. hispanica (Roth) Nyman,
Dactylis glomerata subsp. lusitanica Stebbins & D.Zohary,,Dactylis glomerata L. subsp. lusitanica Stebbins & Zohary,
Dactylorhiza maculata (L.) Soó,,,
Dactylorhiza romana subsp. guimaraesii (E.G.Camus) H.A.Pedersen,Dactylorhiza sulphurea (Link) Franco,,
Danthonia decumbens (L.) DC.,Danthonia decumbens (L.) DC. in Lam. & DC.,,
"Danthonia decumbens subsp. decumbens (L.) DC., 1805",,Danthonia decumbens (L.) DC. in Lam. & DC. subsp. decumbens,
Daphne gnidium L.,,,
Daphne laureola L.,,,
Daucus carota L.,Daucus carota L. subsp. carota,,
Daucus crinitus Desf.,,,
Daucus muricatus (L.) L.,,,
Davallia canariensis (L.) Sm.,,,
"Delphinium fissum subsp. sordidum (Cuatrec.) Amich, E.Rico & J.Sánchez",,"Delphinium fissum Waldst. & Kit. subsp. sordidum (Cuatrec.) Amich, E. Rico & J. Sánchez",
Delphinium halteratum subsp. verdunense (Balb.) Graebn. & P.Graebn.,,Delphinium halteratum Sm. subsp. verdunense (Balb.) Graebn. & P. Graebn. in Aschers. & Graebn.,
Delphinium pentagynum Lam.,Delphinium pentaginum,,
Dianthus armeria L.,,,
Dianthus broteri Boiss. & Reut.,,,
Dianthus carthusianorum L.,,,
Dianthus cintranus Boiss. & Reut.,,,
Dianthus cintranus subsp. barbatus R.Fern. & Franco,,Dianthus cintranus Boiss. & Reut. subsp. barbatus R. Fern. & Franco,
Dianthus lusitanus Brot.,,,
"Dianthus pungens subsp. brachyanthus (Boiss.) Bernal, Fern.Casas, G.López, M.Laínz & Muñoz Garm.",,"Dianthus pungens L. subsp. brachyanthus (Boiss.) Bernal, Fern. Casas, G. López, M. Laínz & Muñoz Garm.",
"Dicranum scoparium Hedwig, 1801",Dicranum scoparium,,
Dictamnus albus L.,,,
Digitalis mariana Boiss.,,,
Digitalis purpurea L.,,,
Digitalis thapsi L.,,,
Digitalis × coutinhoi Samp.,Digitalis Xpurpurea_subsp._purpurea_X_D._thapsi,Digitalis purpurea var. carpetana (Rivas Mateos) Rivas Mateos,
Dioscorea communis (L.) Caddick & Wilkin,Tamus cammunis,,
Dioscorea communis (L.) Caddick & Wilkin,Tamus communis L.,,
Dipcadi serotinum (L.) Medik.,Dipcadi serotinum (L.) Medik. subsp. serotinum,,
Dittrichia viscosa (L.) Greuter,Dittrichia viscosa (L.) Greuter subsp. viscosa,,
Dittrichia viscosa subsp. revoluta (Hoffmanns. & Link) P.Silva & Tutin,Dittichia viscosa subsp. revoluta,,
Doronicum plantagineum L.,,,
Doronicum sp.,,,
Dorycnopsis gerardi (L.) Boiss.,Dorycnopsis gerardii,,
Drabella muralis (L.) Fourr.,Draba muralis L.,,
Drimia fugax (Moris) Stearn,Urginea fugax (Moris) Steinh.,,
Drimia maritima (L.) Stearn,Urginea maritima (L.) Baker,,
Drosophyllum lusitanicum (L.) Link,,,
Drymocallis rupestris (L.) Soják,Potentilla rupestris L.,,
Dryopteris affinis (Lowe) Fraser-Jenk.,Dryopteris affinis (Lowe) Fraser-Jenk. subsp. affinis,,
Dryopteris borreri (Newman) Oberh. & Tavel,Dryopteris affinis (Lowe) Fraser-Jenk. subsp. borreri (Newman) Fraser-Jenk.,,
Dryopteris dilatata (Hoffm.) A. Gray,,,
Dryopteris filix-mas (L.) Schott,,,
Dryopteris sp.,,,
"Echinospartum ibericum Rivas Mart., Sánchez Mata & Sancho",,,
Echium albicans Lag. & Rodr.,,,
Echium lusitanicum L.,,,
Echium rosulatum Lange,,,
Elaeoselinum foetidum (L.) Boiss.,Elaeoselinum phoetidum,Eleaeoselinum foetidum,
Ephedra fragilis Desf.,,,
Epilobium lanceolatum Sebast. & Mauri,,,
Epilobium montanum L.,,,
Epilobium obscurum Schreb.,,,
Epipactis atrorubens (Hoffm.) Besser,,,
Epipactis helleborine (L.) Crantz,,,
Epipactis lusitanica D.Tyteca,Epipactis lusitanica Tyteca,,
Epipactis tremolsii Pau,,,
Equisetum telmateia Ehrh.,,,
Erica arborea L.,,,
Erica australis L.,,,
Erica ciliaris L.,,,
Erica cinerea L.,,,
Erica erigena R. Ross,,,
Erica lusitanica Rudolphi,,,
Erica major,,,
Erica scoparia L.,Erica scoparia L. subsp. scoparia,,
Erica sp.,,,
Erica tetralix L.,,,
Erica umbellata L.,Erica umbellata Loefl. ex L.,,
Erica vagans L.,,,
Erigeron canadensis L.,Conyza canadensis (L.) Cronquist,,
"Erodium cicutarium subsp. cicutarium (L.) L'Hér., 1789",Erodium cicutarium (L.) L'Her. in Aiton subsp. bipinnatum (Desf.) Tourlet,,
Erodium sp.,,,
Erophaca baetica (L.) Boiss.,,,
Erophaca baetica subsp. baetica,Erophaca baetica (L.) Boiss. subsp. baetica,,
Erucastrum virgatum subsp. baeticum (Boiss.) Gómez-Campo,Erucastrum virgatum C. Presl subsp. baeticum (Boiss.) Gómez Campo,,
Eryngium campestre L.,,,
Eryngium dilatatum Lam.,,,
Eryngium duriaei Gay ex Boiss.,Eryngium duriaei J. Gay ex Boiss.,,
Eryngium tenue Lam.,,,
Erysimum linifolium (Pers.) J.Gay,Erysimum linifolium (Pourr. ex Pers.) J. Gay,,
Erysimum nevadense Reut.,,,
Erythronium dens-canis L.,Erythronium gr. dens-canis L.,,
Eucalyptus camaldulensis Denham,Eucaliptus camaldulensis,,
Euonymus europaeus L.,,,
Eupatorium cannabinum L.,Eupatorium cannabinum L. subsp. cannabinum,,
Euphorbia amygdaloides L.,Euphorbia amygdaloides L. subsp. amygdaloides,,
Euphorbia angulata Jacq.,,,
Euphorbia boetica Boiss.,,,
Euphorbia characias L.,,,
Euphorbia dulcis L.,,,
Euphorbia exigua L.,,,
Euphorbia hyberna L.,,,
Euphorbia nicaeensis All.,Euphorbia nicaeensis All. subsp. nicaeensis,,
Euphorbia oxyphylla Boiss.,,,
"Euphorbia paniculata subsp. monchiquensis (Franco & P.Silva) Vicens, Molero & C.Blanché",,"Euphorbia paniculata Desf. subsp. monchiquensis (Franco & P. Silva) Vicens, Molero & C. Blanché",
Euphorbia portlandica L.,,,
Euphorbia pterococca Brot.,,,
Euphorbia segetalis L.,,,
Euphorbia sp.,,,
Euphorbia transtagana Boiss.,,,
Fagus sylvatica L.,,,
Ferula communis L.,,,
Ferula communis L.,Ferula communis L. subsp. communis,,
Ferula communis subsp. catalaunica (Pau) Sánchez-Cux. & M.Bernal,,Ferula communis L. subsp. catalaunica (Pau ex C. Vicioso) Sánchez Cuxart & Bernal,
Ferula tingitana L.,,,
Festuca ambigua Le Gall,Vulpia ciliata Dumort.,,
Festuca ampla Hack.,,,
Festuca bromoides L.,Vulpia myuros (L.) C.C. Gmel. subsp. sciuroides (Roth) Rouy,,
Festuca delicatula Lag.,Festuca delicatula,,
Festuca durandoi subsp. livida,,,
Festuca elegans Boiss.,,,
Festuca heterophylla Lam.,"Festuca heterophylla Lam. subsp. braun-blanquetii Fuente, Ortúñez & Ferrero Lom.",,
Festuca iberica (Hack.) K.Richt.,,,
Festuca lachenalii (C.C.Gmel.) Spenn.,Micropyrum tenellum (L.) Link,,
Festuca longiglumis S.L.Lu,Festuca longiglumis,,
Festuca myuros L.,Vulpia myuros (L.) C.C. Gmel.,,
Festuca nigrescens Lam.,Festuca nigrescens Lam. subsp. microphylla (St.-Yves) Markgr.-Dann.,,
Festuca ovina L.,,,
Festuca rothmaleri (Litard.) Markgr.-Dann.,,,
Festuca rubra L.,Festuca rubra L. subsp. pruinosa (Hack.) Piper,,
Festuca rubra L.,,Festuca gr. rubra L.,
Festuca sp.,,,
Festuca summilusitana Franco & Rocha Afonso,,,
"Ficaria verna subsp. verna Huds., 1762",Ranunculus ficaria L. subsp. ficaria,,
Ficus carica L.,,,
Filago lutescens Jord.,,,
Filago carpetana (Lange) Chrtek & Holub,Evax carpetana Lange,,
Filipendula ulmaria (L.) Maxim.,,,
Filipendula vulgaris Moench,,,
"Fissidens taxifolius Hedwig, 1801",Fissidens taxifolius,,
Flueggea tinctoria (L.) G.L.Webster,Securinega buxifolia Müll. Arg.,,
Foeniculum vulgare Mill.,,,
Fragaria vesca L.,,,
Fragaria vesca subsp. vesca,,Fragaria vesca L. subsp. vesca,
Frangula alnus Mill.,Fraxinus gr. angustifolia Vahl,Fraxinus angustifolia Vahl subsp. angustifolia,
Fraxinus angustifolia Vahl,,,
Fraxinus angustifolia subsp. oxycarpa (M.Bieb. ex Willd.) Franco & Rocha Afonso,Fraxinus angustifolia Vahl subsp. oxycarpa (Willd.) Franco & Rocha Afonso,,
Fraxinus excelsior L.,,,
Fritillaria lusitanica Wikstr.,,,
Fumaria officinalis L.,,,
Fumaria reuteri Boiss.,,,
Gagea nevadensis Boiss.,,,
Galactites tomentosa Moench,,,
Galeopsis angustifolia Ehrh. ex Hoffm.,Galeopsis ladanum L. subsp. angustifolia (Hoffm.) Celak,,
Galium album subsp. album,,Galium album Mill. subsp. album,
Galium aparine L.,,,
Galium aparine L.,Galium aparine L. subsp. aparine,,
Galium broterianum Boiss. & Reut.,,,
Galium divaricatum Pourr. ex Lam.,,,
Galium estebanii Sennen,,,
Galium estebanii Sennen,Galium pumilum Murray subsp. pinetorum (Ehrend.) Vigo,,
Galium lucidum subsp. fruticescens (Cav.) O.Bolòs & Vigo,,Galium lucidum All. subsp. fruticescens (Cav.) O. Bolòs & Vigo,
Galium lucidum subsp. fruticescens (Cav.) O.Bolòs & Vigo,Galium frutescens,Galium lucidum All. subsp. fruticescens (Cav.) O. Bolòs & Vigo,
Galium lucidum subsp. lucidum,,Galium lucidum All. subsp. lucidum,
Galium mollugo L.,Galium mollugo subsp. erectum (Huds.) Briq.,,
Galium mollugo L.,,Galium gr. mollugo L.,
Galium mollugo subsp. mollugo,,Galium mollugo L. subsp. mollugo,
Galium murale (L.) All.,,,
Galium odoratum (L.) Scop.,,,
Galium papillosum subsp. helodes (Hoffmanns. & Link) Malag. ex Ortega Oliv. & Devesa,Galium helodes Hoffmanns. & Link,,
Galium papillosum subsp. papillosum,Galium gr. rivulare Boiss. & Reut.,Galium papillosum subsp. papillosum var. hirsu,Galium rivulare Boiss. & Reut.
Galium parisiense L.,,,
"Galium parisiense var. parisiense L., 1753",Galium parisiense L. subsp. parisiense,,
Galium pumilum Murray,,Galium pumilum Murray subsp. papillosum (Lapeyr.) O. Bolòs,
Galium rotundifolium L.,,,
Galium saxatile L.,,,
Galium scabrum L.,,,
Galium sp.,,,
Galium spurium L.,,Galium aparine subsp. aparine var. aparine,
Galium spurium L.,,Galium aparine subsp. spurium var. vaillantii,
Galium spurium L.,Galium aparine L. subsp. spurium (L.) Hartm.,,
Galium verum L.,,,
Gastridium ventricosum (Gouan) Schinz & Thell.,,,
Gaudinia fragilis (L.) P. Beauv.,,,
Genista ancistrocarpa Spach,,,
Genista anglica L.,,,
Genista carpetana Leresche ex Lange,Genista carpetana Lange,,
Genista falcata Brot.,,,
Genista florida L.,,,
Genista haenseleri Boiss.,,,
Genista hirsuta subsp. hirsuta,Genista hirsuta Vahl subsp. hirsuta,,
Genista hirsuta Vahl,,,
Genista hispanica subsp. occidentalis Rouy,Genista hispanica L. subsp. occidentalis Rouy,,
Genista hystrix Lange,,,
Genista micrantha Ortega,Genista micrantha Gómez Ortega,,
Genista pilosa L.,,,
Genista polyanthos R. Roem. ex Willk.,,,
Genista polygalaefolia DC.,Genista polygalaefolia,,
Genista sagittalis L.,Chamaespartium sagittale (L.) P.E. Gibbs,,
Genista scorpius (L.) DC.,Genista scorpius (L.) DC. in Lam. & DC.,,
Genista spartioides Spach,,,
Genista tinctoria L.,,,
Genista tournefortii Spach,Genista toumefortii,,
Genista triacanthos Brot.,,,
Genista tridens (Cav.) DC.,,,
Genista tridentata L.,Chamaespartium tridenlatum,,
Genista tridentata L.,Pterospartum tridentatum (L.) Willk. in Willk. & Lange,,
Genista umbellata (L'Hér.) Poir.,Genista umbellata (L'Hér.) Dum. Cours.,,
Gennaria diphylla (Link) Parl.,,,
Gennaria diphylla (Link) Parl.,Genaria diphylla,,
Geranium columbinum L.,,,
Geranium dissectum L.,,,
Geranium lucidum L.,,,
Geranium molle L.,,,
Geranium purpureum Vill.,,,
Geranium pusillum L.,Geranium pusillum Burm. f.,,
Geranium pyrenaicum Burm. fil.,,,
Geranium robertianum L.,,,
Geranium rotundifolium L.,,,
Geranium sanguineum L.,,,
Geranium sp.,,,
Geranium sylvaticum L.,,,
Geum hispidum Fr.,,,
Geum sylvaticum Pourr.,,,
Geum urbanum L.,,,
Gladiolus ×byzantinus Mill.,Gladiolus communis subsp. byzantinus (Mill.) Douin,,
Gladiolus communis L.,,,
Gladiolus communis L.,Gladiolus reuteri Boiss.,,
Gladiolus italicus Mill.,,,
Gladiolus sp.,,,
Glandora diffusa (Lag.) D.C.Thomas,Lithodora diffusa (Lag.) I. M. Johnston,Lithodora diffusa (Lag.) I. M. Johnston subsp. diffusa,
Glandora prostrata (Loisel.) D.C.Thomas,Lithodora prostrata (Loisel.) Griseb.,Lithodora prostrata (Loisel.) Griseb. subsp. prostrata,Lithodora diffusa=prostrata
Glandora prostrata subsp. lusitanica (Samp.) D.C.Thomas,,Glandora prostata subsp. lusitanica,
Glandora prostrata subsp. lusitanica (Samp.) D.C.Thomas,Lithodora prostrata (Loisel.) Griseb. subsp. lusitanica (Samp.) Valdés.,,
Halimione portulacoides (L.) Aellen,,,
Halimium atriplicifolium (Lam.) Spach,,,
Halimium calycinum (L.) K. Koch,,,
Halimium halimifolium (L.) Willk.,Halimium halimifolium (L.) Willk. in Willk. & Lange,,
Halimium halimifolium (L.) Willk.,Halimium halimifolium (L.) Willk. in Willk. & Lange subsp. multiflorum (Salzm. ex Dunal) Maire in Jahand. & Maire,,
Halimium lasianthum (Lam.) Spach,,,
Halimium lasianthum subsp. alyssoides (Lam.) Greuter,,Halimium lasianthum (Lam.) Spach subsp. alyssoides (Lam.) Greuter,
Halimium ocymoides (Lam.) Willk.,Halimium ocymoides (Lam.) Willk. in Willk. & Lange,,
Halimium umbellatum (L.) Spach,,,
Halimium umbellatum subsp. viscosum (Willk.) O.Bolòs & Vigo,,Halimium umbellatum (L.) Spach subsp. viscosum (Willk.) O. Bolòs & Vigo,
Hedera canariensis Willd.,,,
Hedera helix L.,,,
Hedera hibernica Poit.,Hedera hibernica (G. Kirchn.) Bean,,
Hedera iberica (McAll.) Ackerf. & J.Wen,Hedera maderensis K. Koch ex A. Rutherf. subsp. iberica McAllister,,
Hedera maderensis K. Koch ex A. Rutherf.,,,
Helianthemum apenninum subsp. croceum (Desf.) G.López,Helianthemum croceum (Desf.) Pers.,,
Helianthemum nummularium (L.) Mill.,,,
Helianthemum salicifolium (L.) Mill.,,,
Helianthemum violaceum (Cav.) Pers.,,,
Helichrysum foetidum (L.) Cass.,,,
Helichrysum italicum (Roth) G. Don in Loudon subsp. serotinum (Boiss.) P. Fourn.,,,
Helichrysum stoechas (L.) Moench,,,
Helichrysum stoechas subsp. stoechas,,Helichrysum stoechas (L.) Moench subsp. stoechas,
Helictochloa albinervis (Boiss.) Romero Zarco,,,
Helictochloa hackelii (Henriq.) Romero Zarco,Avenula hackelii (Henriq.) Holub,,
Helictochloa marginata (Lowe) Romero Zarco,,,
Helictochloa marginata (Lowe) Romero Zarco,Avenula hackelii subsp. stenophylla (Franco) Franco,Avenula hackelli subsp. stenophylla,
Helictochloa marginata (Lowe) Romero Zarco,Helictochloa albinervis (Boiss.) Romero Zarco subsp. gaditana (Romero Zarco) Romero Zarco,,
Helictotrichon pubescens subsp. pubescens,,,
Helictotrichon pubescens subsp. pubescens,Avenula pubescens subsp. pubescens (Huds.) Dumort.,Avenula pubescens (Huds.) Dumort. subsp. pubescens,
Helleborus foetidus L.,,,
Helleborus viridis subsp. occidentalis (Reut.) Schiffn.,,Helleborus viridis L. subsp. occidentalis (Reut.) Schiffn.,
Helminthotheca comosa (Boiss.) Holub,,,
Helminthotheca echioides (L) Holub,Picris echioides L.,,
Helminthotheca spinosa (DC.) Talavera & Tremetsberger,Picris gr. spinifera Franco,,
Helminthotheca spinosa (DC.) Talavera & Tremetsberger,Picris spinifera Franco,,
Hepatica nobilis Schreb.,,,
Heracleum sphondylium L.,Heracleum sphondylium L. subsp. granatense (Boiss.) Briq.,,
Herniaria latifolia Lapeyr.,,,
Hieracium bourgaei Boiss.,,,
Hieracium glaucinum Jord.,,,
Hieracium glaucinum subsp. recensitum (Jord. ex Boreau) Gottschl.,Hieracium recensitum Boreau s.l.,,
Hieracium lachenalii subsp. cruentifolium (Dahlst. & Lübeck ex Dahlst.) Zahn,Hieracium vulgatum Fr.,,
Hieracium lachenalii Suter,Hieracium lachenalii Suter s.l.,,
Hieracium maculatum Sm.,,,
Hieracium maculatum Sm.,,Hieracium gr. maculatum Sm.,
Hieracium mixtum Lapeyr. ex Froel.,Hieracium gr. mixtum Froel.,,
Hieracium mixtum Lapeyr. ex Froel.,Hieracium mixtum Froel.,,
Hieracium murorum L.,,,
Hieracium murorum L.,,Hieracium gr. murorum L.,
Hieracium praecox subsp. bounophyllum,,,
Hieracium sabaudum L.,,,
Hieracium sabaudum subsp. obliquum (Jord.) Zahn,Hieracium sabaudum subsp. obliquum,,
Hieracium schmidtii Tausch,,Hieracium gr. schmidtii Tausch,
Hieracium smithii Elfstr.,,Hieracium smidtii,
Hieracium sp.,,,
Hieracium umbellatum L.,,,
Hieracium umbellatum L.,,Hieracium gr. umbellatum L.,
Himantoglossum hircinum (L.) Spreng.,,,
Himantoglossum robertianum (Loisel.) P.Delforge,Barlia robertiana (Loisel.) Greuter,,
Hippocrepis salzmannii Boiss. & Reut.,,,
Holcus annuus Salzm. ex C.A.Mey.,Holcus annuus C.A. Mey,,
Holcus annuus subsp. setiglumis (Boiss. & Reut.) M.Seq. & Castrov.,Holcus annuus C.A. Mey subsp. setiglumis (Boiss. & Reut.) M. Seq. & Castrov.,,
Holcus annuus subsp. setiglumis (Boiss. & Reut.) M.Seq. & Castrov.,Holcus annuus C.A. Mey subsp. setiglumis (Boiss. & Reut.) M. Seq. & Castrov. ,,
Holcus lanatus L.,,,
Holcus mollis L.,Holcus mollis L. subsp. reuteri (Boiss.) Tutin,Holcus mollis L. subsp. mollis,
Holcus setiglumis Boiss. & Reut. subsp. setiglumis,,,
"Homalothecium sericeum W.P.Schimper, 1851",Homalothecium sericeum,,
Homalothecium sp.,,,
Hyacinthoides hispanica (Mill.) Rothm.,,,
Hyacinthoides italica (L.) Rothm.,,,
Hyacinthoides non-scripta (L.) Chouard ex Rothm.,,,
Hyacinthoides paivae S. Ortiz & J. Rodríguez-Oubiña,,,
Hyacinthoides sp.,,,
"Hylocomium splendens W.P.Schimper, 1852",Hylocomium splendens,,
Hyparrhenia hirta (L.) Stapf,Hyparrhenia hirta (L.) Stapf in Prain,Hyparrhenia hirta (L.) Stapf in Prain subsp. pubescens (Vis.) Paunero,
Hypericum androsaemum L.,,,
Hypericum hirsutum L.,,,
Hypericum humifusum L.,,,
Hypericum linariifolium Vahl,,,
Hypericum linariifolium Vahl,,,
Hypericum linariifolium Vahl,¬Hypericum linearifolium,,
Hypericum montanum L.,,,
Hypericum perfoliatum L.,,,
Hypericum perforatum L.,Hypericum perforatum L. subsp. angustifolium (DC.) A. Fröhl.,,
Hypericum pulchrum L.,,,
Hypericum tomentosum L.,,,
Hypericum undulatum Schousb. ex Willd.,,,
"Hypnum cupressiforme Hedwig, 1801",Hypnum cupressiforme,,
"Hypnum cupressiforme Hedwig, 1801",Stereodon cupressiforme,,
Hypochaeris glabra L.,,,
Hypochaeris radicata L.,,,
Iberis ciliata subsp. welwitschii (Boiss.) Moreno,Iberis ciliata All. subsp. welwitschii (Boiss.) Moreno,,
Iberis linifolia L.,,,
Iberis microcarpa (Franco & P.Silva) Rivas Mart.,Iberis procumbens Lange subsp. microcarpa Franco & P. Silva,,
Iberis pectinata Boiss.,Iberis pectinata Boiss. & Reut. in Boiss.,,
Ilex aquifolium L.,,,
Inula salicina L.,,,
Inula salicina L. subsp. aspera (Poir.) Hayek,,,
Iris foetidissima L.,,,
Iris jacquinii (Schrank),Iris latifolia (Mill.) Voss,,
Iris pseudacorus L.,,,
Iris xiphium L.,,,
Isatis tinctoria L.,Isatis tinctoria L. subsp. tinctoria,,
Jacobaea vulgaris Gaertn.,Senecio jacobaea L.,,
Jasione crispa subsp. sessiliflora (Boiss. & Reut.) Tutin,Jasione sessiliflora Boiss. & Reut.,,
Jasione montana L.,,,
Jasione montana subsp. montana,Jasione montana L. subsp. montana,,
Juglans regia L.,,,
Juncus acutiflorus Ehrh. ex Hoffm.,,,
Juncus effusus L.,,,
Juncus inflexus L.,,,
Juncus squarrosus L.,,,
Juniperus communis L.,Juniperus communis L. subsp. hemisphaerica (C. Presl) Nyman,,
Juniperus navicularis Gand.,,,
Juniperus oxycedrus L.,Juniperus oxycedrus L. subsp. oxycedrus,,
Juniperus oxycedrus subsp. badia (H.Gay) Debeaux,,Juniperus oxycedrus L. subsp. badia (H. Gay) Debeaux,
Juniperus phoenicea L.,,,
Juniperus phoenicea subsp. turbinata (Guss.) Nyman,,Juniperus phoenicea L. subsp. turbinata (Guss.) Nyman,
Jurinea humilis (Desf.) DC.,,,
Klasea algarbiensis (Cantó) Cantó,,Serratula algarbiensis,
Klasea algarbiensis (Cantó) Cantó,Serratula monardii var. algarbiensis,,
Klasea boetica subsp. alcalae (Coss.) Cantó & Rivas Mart.,,Serratula aristata,
Klasea boetica subsp. lusitanica (Cantó) Cantó & Rivas Mart.,Serratula acanthocoma,,
Klasea boetica subsp. lusitanica (Cantó) Cantó & Rivas Mart.,Serratula alcalae Coss.,,
Klasea boetica subsp. lusitanica (Cantó) Cantó & Rivas Mart.,Serratula baetica Boiss. ex DC. subsp. lusitanica Cantó,,
Klasea flavescens subsp. leucantha (Cav.) Cantó & Rivas Mart.,Serratula flavescens (L.) Poir. subsp. leucantha (Cav.) Cantó & Costa,,
Klasea pinnatifida (Cav.) Talavera,Klasea pinnatifida (Cav.) Cass.,,
Knautia arvensis (L.) Coult.,Knautia arvensis (L.) Coulter,,
Koeleria crassipes Lange,,,
Koeleria vallesiana (Honck.) Gaudin,,,
Lactuca saligna L.,,,
Lactuca viminea (L.) J.Presl & C.Presl,Lactuca viminea (L.) J. Presl & C. Presl subsp. viminea,,
Lactuca viminea (L.) J.Presl & C.Presl,Lactuca gr. viminea (L.) J. Presl & C. Presl,,
Lactuca viminea subsp. chondrilliflora (Jord. ex Boreau) Bonnier,Lactuca viminea (L.) J. Presl & C. Presl subsp. chondrilliflora (Boreau) Bonnier,,
Lamium galeobdolon (L.) L.,,,
Lamium maculatum (L.) L.,Lamium maculatum L.,,
Lamium purpureum L.,,,
Lapiedra martinezii Lag.,,,
Lapsana communis L.,,,
Laserpitium latifolium L.,,,
Lathyrus angulatus L.,,,
Lathyrus aphaca L.,,,
Lathyrus clymenum L.,,,
Lathyrus hirsutus L.,,,
Lathyrus latifolius L.,,,
Lathyrus linifolius (Reichard) Bässler,,,
Lathyrus niger (L.) Bernh.,,,
Lathyrus pratensis L.,,,
Lathyrus setifolius L.,,,
Lathyrus sphaericus Retz.,,,
Lathyrus sylvestris L.,Lathyrus sylvaticus,,
Lathyrus tingitanus L.,,,
Launaea fragilis (Asso) Pau,,,
Laurus nobilis L.,,,
"Lavandula ×alportelensis P.Silva, Fontes & Myre",Lavandula Xalportelensis,,
Lavandula pedunculata (Mill.) Cav.,Lavandula pedunculata Cav.,Lavandula pedunculata Cav. subsp. ambigua Mnzs.,
Lavandula pedunculata subsp. sampaiana (Rozeira) Franco,Lavandula sampaoiana,,
Lavandula stoechas L.,,Lavandula stoechas L. subsp. luisieri (Rozeira) Rozeira,
Lavandula stoechas L.,,Lavandula stoechas L. subsp. stoechas,
Lavandula stoechas L.,,,
Lavandula stoechas subsp. luisieri (Rozeira) Rozeira,Lavandula luizieri,,
Lavandula viridis L'Hér.,,,
Legousia falcata (Ten.) Fritsch ex Janch.,Legouzia castellana,,
Legousia hybrida (L.) Delarbre,,,
Leontodon hispidus L.,,,
Leopoldia comosa (L.) Parl.,Muscari comosum (L.) Mill.,,
Lepidophorum repandum (L.) DC.,,,
"Leptobryum pyriforme Wilson, 1855",Leptobryum pyriforme,,
Leucanthemopsis flaveola (Hoffmanns. & Link) Heywood,,,
Leucanthemopsis pallida (Mill.) Heywood,,,
Leucanthemum crassifolium (Lange) Willk.,Leucanthemum vulgare Lam. subsp. crassifolium (Lange) Rouy,,
Leucanthemum pallens (J.Gay ex Perreym.) DC.,Leucanthemum vulgare Lam. subsp. pallens (J.Gay) Briq. & Cavill.,,
Leucanthemum pseudosylvaticum (Vogt) Vogt & Oberpr.,Leucanthemum ircutianum subsp. pseudosylvaticum Vogt,Leucanthemum ircutianum DC. subsp. pseudosylvalticum Vogt,Leucanthemum pseudosylvaticum
Leucanthemum sylvaticum (Hoffmanns. & Link) Nyman,Leucanthemum vulgare Lam. subsp. silvaticum (Hoffmanns. & Link) Nyman,,
Leucanthemum vulgare Lam.,,,
Ligustrum vulgare L.,,,
Lilium martagon L.,,,
Limodorum abortivum (L.) Sw.,,,
Limodorum trabutianum Batt.,,,
Linaria aeruginea (Gouan) Cav.,,,
Linaria amethystea (Vent.) Hoffmanns. & Link,,,
Linaria nivea Boiss. & Reut.,,,
Linaria saxatilis (L.) Chaz.,,,
Linaria spartea (L.) Willd.,,,
Linaria triornithophora (L.) Willd.,,,
Linum bienne Mill.,,,
Linum narbonense L.,,,
Linum strictum L.,,,
Linum tenue Desf.,,,
Lobelia urens L.,,,
Lobularia maritima (L.) Desv.,,,
Logfia gallica (L.) Dumort.,Logfia gallica (L.) Coss. & Germ.,,
Logfia minima (Sm.) Dumort.,,,
Lolium giganteum (L.) Darbysh.,Schedonorus giganteus,,
Lonicera etrusca Santi,Lonicera etrusca G. Santi,,
Lonicera implexa Aiton,Lonicera implexa Aiton,,
Lonicera periclymenum L.,,,
Lonicera periclymenum L.,,Lonicera gr. periclymenum L.,
Lonicera periclymenum subsp. hispanica (Boiss. & Reut.) Nyman,,Lonicera periclymenum L. subsp. hispanica (Boiss. & Reut.) Nyman,
Lonicera xylosteum L.,,,
Lotus carpetanus Lacaita,Lotus corniculatus L. subsp. carpetanus (Lacaita) Rivas Mart.,,
Lotus castellanus Boiss. & Reut.,,,
Lotus corniculatus L.,,,
Lotus dorycnium L.,Dorycnium pentaphyllum Scop.,,
Lotus parviflorus Desf.,,,
Lotus pedunculatus Cav.,,,
Lupinus angustifolius L.,,,
Luzula campestris (L.) DC.,,,
Luzula forsteri (Sm.) DC.,Luzula forsteri (Sm.) DC. subsp. forsteri,,
Luzula forsteri (Sm.) DC.,Luzula gr. forsteri (Sm.) DC. in Lam. & DC.,,
Luzula forsteri (Sm.) DC.,Luzula forsteri (Sm.) DC. in Lam. & DC.,,
Luzula forsteri (Sm.) DC.,Luzula forsteri (Sm.) DC. subsp. baetica P. Monts.,,
Luzula forsteri (Sm.) DC.,Luzula forsteri (Sm.) DC. subsp. cantabrica P. Monts.,,
Luzula lactea (Link) E.Mey.,,,
Luzula multiflora subsp. multiflora,,Luzula multiflora (Retz.) Lej. subsp. multiflora,
Luzula sylvatica subsp. henriquesii (Degen) P.Silva,,Luzula sylvatica (Huds.) Gaudin subsp. henriquesii (Degen) P.Silva,
Lycopus europaeus L.,,,
Lysimachia linum-stellatum L.,Asterolinon linum-stellatum (L.) Duby in A. DC.,,
Lysimachia nemorum L.,,,
Lythrum junceum Banks & Sol.,Lythrum junceum Banks & Sol. in Russell,,
Lythrum salicaria L.,,,
Macrochloa tenacissima (L.) Kunth,,,
Magydaris panacifolia (Vahl) Lange,Magydaris panicifolia,,
Magydaris panacifolia (Vahl) Lange,Magydaris panacifolia (Vahl) Lange in Willk. & Lange,,
Malus sylvestris Mill.,Malus sylvestris (L.) Mill.,,
"Malus sylvestris subsp. sylvestris (L.) Mill., 1768",Pyrus malis var. sylvestris,,
Malva cretica subsp. althaeoides (Cav.) Bég.,Malva cretica Cav. subsp. althaeoides (Cav.) Dalby,,
Malva hispanica L.,,,
Malva moschata L.,,,
"Malva oblongifolia (Boiss.) Soldano, Banfi & Galasso",Lavatera oblongifolia Boiss.,,
Malva olbia (L.) Alef.,Lavatera olbia L.,,
Malva sp.,,,
Malva sylvestris L.,,,
Malva tournefortiana L.,,,
Marcus-Kochia triloba (L.) Al-Shehbaz,Malcolmia gracilima,,
Marrubium vulgare L.,,,
Medicago arabica (L.) Huds.,,,
Medicago lupulina L.,,,
Melampyrum pratense L.,,,
Melampyrum sylvaticum L.,,,
Melica ciliata L.,,,
Melica ciliata L.,Melica ciliata L. subsp. magnolii (Gren. & Godr.) Husnot,,
Melica minuta L.,,,
Melica uniflora Retz.,,,
Melittis melissophyllum L.,Melittis melisophyllum,,
Mentha pulegium L.,,,
Mentha suaveolens Ehrh.,,,
Mercurialis annua L.,,,
Mercurialis annua L.,Mercurialis annua L. subsp. ambigua (L. fil.) Arcang.,,
Mercurialis perennis L.,,,
Micranthes clusii subsp. lepismigena (Planellas) Gornall,Saxifraga lepismigena Planellas,,
Micromeria graeca (L.) Benth. ex Rchb.,Micromeria graeca (L.) Rchb.,,
Misopates orontium (L.) Raf.,,,
"Mnium hornum Hedwig, 1801",Mnium hornum,,
Moehringia pentandra Gay,Moehringia pentandra J. Gay,,
Molineriella laevis (Brot.) Rouy,,,
Molineriella minuta (L.) Rouy,,,
Moraea sisyrinchium (L.) Ker Gawl.,Gynandriris sisyrinchium (L.) Parl.,,
Mousses sp.,,,
Murbeckiella sousae Rothm.,,,
Mycelis muralis (L.) Dumort.,,,
Myosotis arvensis (L.) Hill,Myosotis arvensis (L.) Hill subsp. arvensis,,
Myosotis decumbens subsp. teresiana (Sennen) Grau,Myosotis decumbens Host subsp. teresiana (Sennen) Grau,,
Myosotis discolor Pers.,Myosotis discolor Pers. in L.,,
Myosotis ramosissima Rochel,Myosotis ramosissima Rochel in Schult.,,
Myosotis secunda A. Murray,,,
Myosotis stolonifera (DC.) J.Gay ex Leresche & Levier,Myosotis stolonifera subsp. stolonifera,,
Myrtus communis L.,,,
Narcissus albicans (Haw.) Spreng.,Narcissus tingitanus Fdz. Casas,,
Narcissus calcicola Mendonça,,,
Narcissus cuneiflorus (Salisb. ex Haw.) Link,Narcissus asturiensis (Jord.) Pugsley,,
Narcissus flavus Lag.,Narcissus fernandesii G. Pedro,,
Narcissus pallidiflorus Pugsley,Narcissus palidulus,,
Narcissus papyraceus Ker. Gawl.,,,
Narcissus serotinus L.,Narcissus serotinus Loefl. ex L.,,
Narcissus triandrus L.,Narcissus triandrus L. subsp. triandrus,,
Narcissus triandrus L.,,,
Narcissus triandrus L.,Narcissus triandrus subsp. cernuus,,
Narcissus triandrus subsp. pallidulus (Graells) Rivas Goday,Narcissus triandrus L. subsp. pallidulus (Graells) D.A.Webb,,
Nardus stricta L.,,,
Neoschischkinia pourretii (Willd.) Valdés & H. Scholz,,,
Neoschischkinia truncatula (Parl.) Valdés & H.Scholz,,,
Neotinea conica (Willd.) R.M.Bateman,Orchis tridentata Scop. subsp. conica Willd.,,
"Neotinea lactea (Poir.) R.M.Bateman, Pridgeon & M.W.Chase",Orchis lactea Poir.,,
Neotinea maculata (Desf.) Stearn,,,
Neottia ovata (L.) Bluff & Fingerh.,Listera ovata (L.) R.Br.,,
Nepeta multibracteata Desf.,,,
Nepeta tuberosa L.,,,
Nerium oleander L.,,,
Nogopterium gracile (Hedw.) Crosby & W.R.Buck,Pterogonium ornithopodioides,,
Nothobartsia asperrima (Link) Benedí & Herrero,,,
"Odontarrhena serpyllifolia (Desf.) Španiel, Al-Shehbaz, D.A.German & Marhold",Alyssum serpyllifolium Desf.,,
Odontites vernus (Bellardi) Dumort.,Odontites verna (Bellardi) Dumort.,,
Oenanthe crocata L.,,,
Oenanthe pimpinelloides L.,,,
Oeosporangium hispanicum (Mett.) Fraser-Jenk. & Pariyar,,,
Oeosporangium pteridioides subsp. acrosticum (Balb.) Fraser-Jenk. & Pariyar,Oeosporangium acrosticum (Balb.) L. Sáez & P. Aymerich,,
Olea europaea L.,,,
Olea europaea L.,Olea europaea L. subsp. sylvestris (Mill.) Hegi,,
Olea europaea L.,Olea europaea var. silvestris,,
Olea europaea L.,Olea europea subsp. sylvestris,,
Olea europaea L.,Olea europea var. sylvestris,,
Oloptum miliaceum (L.) Röser & Hamasha,Piptatherum miliaceum (L.) Coss.,,
Omphalodes nitida (Willd.) Hoffmanns & Link,,,
Onobrychis humilis (Loefl.) G. López,,,
Onobrychis humilis subsp. humilis,Onobrychis humilis (Loefl.) G. López subsp. humilis,,
Ononis mitissima L.,,,
Ononis spinosa L.,Ononis gr. spinosa L.,,
Ophrys speculum subsp. lusitanica O.Danesch & E.Danesch,Ophrys vernixia Brot.,,
Ophrys tenthredinifera Willd.,Ophrys tentredinifera,,
Orchis anthropophora (L.) All.,,,
Orchis mascula (L.) L.,,,
Orchis mascula subsp. laxifloriformis Rivas Goday & B.Rodr.,Orchis langei K. Richt.,,
Orchis simia Lam.,,,
Orchis sp.,,,
Origanum sp.,,,
Origanum vulgare L.,Origanum vulgare L. subsp. virens (Hoffmanns. & Link) Ietsw.,,
Origanum vulgare subsp. virens (Hoffmanns. & Link) Ietsw.,Origanum virens Hoffmanns. & Link,,
Ornithogalum baeticum Boiss.,Ornithogalum orthophyllum Ten. subsp. baeticum (Boiss.) Zahar.,,
Ornithogalum broteroi M. Laínz,,,
Ornithogalum concinnum Salisb.,Ornithogalum concinum,,
Ornithogalum narbonense L.,,,
Ornithogalum pyrenaicum L.,Ornithogalum pyrenaicum L. subsp. pyrenaicum,,
Ornithogalum pyrenaicum L.,Ornitogalum pyrenaicum,,
Ornithogalum umbellatum L.,,,
Ornithopus compressus L.,,,
Ornithopus perpusillus L.,,,
Ornithopus pinnatus (Mill.) Druce,,,
Orobanche gracilis Sm.,,,
Orobanche hederae Duby,Orobanche hederae Vaucher ex Duby,,
Orobanche minor Sm.,Orobanche minor Sm. in Sowerby,,
Orobanche rapum-genistae Thuill.,,,
Orobanche rapum-genistae Thuill.,Orobanche rapum-genistae+,,
Orobanche rapum-genistae Thuill.,Orobanche raput-genistae,,
Orobanche sp.,,,
Osmunda regalis L.,,,
Osyris alba L.,,,
Osyris lanceolata Hochst. & Steud.,Osyris lanceolada,,
Osyris quadripartita Salzm. ex Decne.,,,
Oxalis acetosella L.,,,
Oxalis pes-caprae L.,Oxalis pes-caprea,,
Paeonia broteroi Boiss. & Reut.,Paeonia broteri Boiss. & Reut.,,
Paeonia officinalis subsp. microcarpa (Boiss. & Reut.) Nyman,Paeonia officinalis L. subsp. microcarpa (Boiss. & Reut.) Nyman,,
Papaver dubium L.,,,
"Parapimpinella siifolia (Leresche) Fern.Prieto, Sanna & Arjona",Pimpinella siifolia Leresche,,
Parietaria judaica L.,,,
Parietaria lusitanica L.,,,
Patzkea durandoi (Clauson) G.H.Loos,Festuca paniculata (L.) Schinz & Thell. subsp. durandoi (Clauson) Emb. & Maire,,
Patzkea paniculata (L.) G.H.Loos,Festuca gr. paniculata (L.) Schinz & Thell.,,
Patzkea paniculata (L.) G.H.Loos,Festuca paniculata (L.) Schinz & Thell.,,
"Patzkea paniculata subsp. paniculata (L.) G.H.Loos, 2010",Festuca paniculata (L.) Schinz & Thell. subsp. multispiculata Rivas Ponce & Cebolla,,
Pedicularis sylvatica subsp. lusitanica (Hoffmanns. & Link) Cout.,Pedicularis sylvatica L. subsp. lusitanica (Hoffmanns. & Link) Cout.,,
Peltigera aphthosa (L.) Willd.,Peltigera aphthosa,,
Peltigera canina (L.) Willd.,Peltigera canina,,
Peltigera rufescens (Weiss) Humb.,Peltigera rufescens,,
Pentaglottis sempervirens (L.) L. H. Bailey,,,
Periballia involucrata (Cav.) Janka,,,
Petrorhagia prolifera (L.) P.W. Ball & Heywood,,,
"Petrosedum amplexicaule subsp. amplexicaule (DC.) Velayos, 1988",Sedum amplexicaule DC.,,
"Petrosedum amplexicaule subsp. amplexicaule (DC.) Velayos, 1988",Sedum amplexicaule DC. subsp. amplexicaule,,
Petrosedum forsterianum (Sm.) Grulich,Sedum forsterianum Sm. in Sowerby,Sedum foresteranum,
Petrosedum rupestre subsp. rupestre,Sedum rupestre L.,,
Petrosedum sediforme subsp. sediforme,Sedum sediforme (Jacq.) Pau,,
Petroselinum crispum (Mill.) Fuss,,,
"Petroselinum crispum subsp. crispum (Mill.) Fuss, 1866",Petroselinum crispum (Mill.) A.W. Hill,,
Peucedanum gallicum Latourr.,,,
Peucedanum lancifolium Hoffmanns. & Link ex Lange,,,
Phagnalon saxatile (L.) Cass.,,,
Phagnalon saxatile (L.) Cass.,Phagnalon saxatilis,,
Phalacrocarpum oppositifolium (Brot.) Willk.,Phalacrocarpum oppositifolium (Brot.) Willk. subsp. oppositifolium,,
Phalaris arundinacea L.,,,
Phalaris coerulescens Desf.,Phalaris caerulescens Desf.,,
Phillyrea angustifolia L.,Phillyraea angustifolia,,
Phillyrea latifolia L.,Phillyrea medianifolia Sennen,,
Phleum phleoides (L.) H. Karst.,,,
Phleum pratense L.,,,
Phlomis herba-venti L.,,,
Phlomis lychnitis L.,,,
Phlomis purpurea L.,,,
Phonus arborescens (L.) G. López,,,
Phragmites australis (Cav.) Trin. ex Steud.,,,
Physospermum cornubiense (L.) DC.,Physospermum aquilegifolium,,
Physospermum cornubiense (L.) DC.,,,
Picris hieracioides L.,,,
Picris hieracioides subsp. longifolia (Boiss. & Reut.) P.D.Sell,Picris hieracioides L. subsp. longifolia (Boiss. & Reut.) P.D.Sell,,
Pilosella castellana (Boiss. & Reut.) F.W.Schultz & Sch.Bip.,Hieracium castellanum Boiss. & Reut.,,
"Pilosella officinarum F.W.Schultz & Sch.Bip., 1862",Pilosella gr. officinarum F.W.Schultz & Sch. Bip.,,
"Pilosella officinarum F.W.Schultz & Sch.Bip., 1862",Pilosella officinarum F.W.Schultz & Sch. Bip.,,
Pilosella pseudopilosella (Ten.) Soják,,,
Pimpinella saxifraga L.,,,
Pimpinella villosa Schousb.,,,
Pinus halepensis Mill.,,,
Pinus pinaster Aiton,,,
Pinus pinea L.,,,
Pinus radiata D. Don,,,
Pinus sylvestris L.,,,
Pistacia lentiscus L.,,,
Pistacia terebinthus L.,,,
Pittosporum undulatum Vent.,,,
"Plagiomnium rostratum T.Koponen, 1968",Mnium rostratum,,
Plantago afra L.,,,
Plantago lagopus L.,,,
Plantago lanceolata L.,,,
Plantago subulata L.,Plantago holosteum Scop.,,
Plantago subulata L.,Plantago subulata L. subsp. radicata (Hoffmanns. & Link) O. Bolòs & Vigo,,
Platanthera bifolia (L.) Rich.,,,
"Pleurozium schreberi Mitten, 1869",Hypnum schreheri,,
"Pleurozium schreberi Mitten, 1869",Pleurozium schreberi,,
Poa angustifolia L.,,,
Poa bulbosa L.,,,
Poa nemoralis L.,Poa nemoralis L. subsp. nemoralis,,
Poa pratensis L.,,,
Poa sp.,,,
Poa trivialis L.,,,
Poa trivialis subsp. trivialis,Poa trivialis L. subsp. trivialis,,
Polycarpon tetraphyllum (L.) L.,,,
Polygala microphylla L.,,,
Polygala monspeliaca L.,,,
Polygala serpyllifolia Hosé,Polygala serpyllifolia Hose,,
Polygala vulgaris L.,,,
Polygonatum odoratum (Mill.) Druce,,,
Polypodium cambricum L.,Polypodium cambricum L. subsp. cambricum,,
Polypodium interjectum Shivas,,,
Polypodium sp.,,,
Polypodium vulgare L.,,,
Polypodium vulgare L.,Polypodium gr. vulgare L.,,
Polystichum aculeatum (L.) Roth,,,
Polystichum setiferum (Forssk.) T.Moore ex Woyn.,Polystichum setiferum (Forssk.) Woyn.,,
Polytrichum formosum Hedw.,Polytrichum attenuatum,Polytrichum formosum,
Polytrichum formosum Hedw.,,,
"Polytrichum juniperinum Hedwig, 1801",Polytrichum juniperinum,,
Populus alba L.,,,
Populus nigra L.,,,
Populus tremula L.,,,
Potentilla erecta (L.) Raeusch.,,,
Potentilla micrantha Ramond ex DC.,Potentilla micrantha Ramond ex DC. in Lam. & DC.,,
Potentilla montana Brot.,,,
Potentilla reptans L.,,,
Potentilla sterilis (L.) Garcke,,,
Prasium majus L.,,,
Primula elatior (L.) L.,,,
Primula veris L.,,,
Primula veris subsp. columnae (Ten.) Maire & Petitm.,Primula veris L. subsp. columnae (Ten.) Maire & Petitm.,Primula veris L. subsp. veris,
"Primula vulgaris subsp. vulgaris Huds., 1762",Primula acaulis (L.) L.,,
"Primula vulgaris subsp. vulgaris Huds., 1762",Primula acaulis (L.) L. subsp. acaulis,,
Prospero autumnale (L.) Speta,Scilla autumnalis L.,,
Prunella grandiflora (L.) Scholler,,,
Prunella grandiflora (L.) Turra,Prunella grandiflora (L.) Scholler subsp. pyrenaica (Gren. & Godron) A. Bolòs,,
Prunella grandiflora (L.) Turra,Prunella hastaefolia,,
Prunella grandiflora (L.) Turra,Prunella hasteafolia,,
Prunella laciniata (L.) L.,,,
Prunella vulgaris L.,,,
Prunus avium (L.) L.,Prunus avium L.,,
Prunus domestica subsp. insititia (L.) Bonnier & Layens,Prunus insititia L.,,
Prunus dulcis (Mill.) D.A. Webb,,,
Prunus insititioides,Prunus insititoides,,
Prunus lusitanica L.,Prunus lusitanica subsp. lusitanica L.,,
Prunus lusitanica L.,,,
Prunus mahaleb L.,,,
Prunus spinosa L.,,,
Pseudarrhenatherum longifolium (Thore) Rouy,,,
Pseudodictamnus hirsutus (Willd.) Salmaki & Siadati,Ballota hirsuta Benth.,Ballota hirsuta Benth. subsp. hirsuta,
Pseudopodospermum hispanicum subsp. hispanicum,Scorzonera hispanica L.,,
"Pseudoscleropodium purum Fleischer, 1925",Pseudoscleropodium purum,,
"Pseudoscleropodium purum Fleischer, 1925",Scleropodium purum,,
"Pseudoscleropodium purum Fleischer, 1925",{Scleropodium purum,,
"Pseudoscleropodium purum Fleischer, 1925",Scleropodium purum (Hedw.) Limpr.,,
Pteridium aquilinum (L.) Kuhn,Pteridium aquilinum (L.) Kuhn in Kerst.,,
Pterospartum tridentatum (L.) Willk. in Willk. & Lange subsp. cantabricum (Spach) Talavera & Gibbs,,,
Pterospartum tridentatum (L.) Willk. in Willk. & Lange subsp. lasianthum (Spach) Talavera & Gibbs,,,
Pterospartum tridentatum (L.) Willk. in Willk. & Lange subsp. tridentatum,,,
Ptilostemon hispanicus (Lam.) Greuter,,,
Pulicaria arabica subsp. hispanica (Boiss.) Murb.,Pulicaria paludosa Link,,
Pulicaria odora (L.) Rchb.,,,
Pulmonaria longifolia (Bastard) Boreau,Pulmonaria longifolia (Bast.) Boreau,,
Pycnocomon rutifolium (Vahl) Hoffmanns. & Link,Pycnocomom rutifolium,,
Pyrus bourgaeana Decne.,,,
Pyrus bourgaeana Decne.,Pyrus bourgeana,,
Pyrus bourgaeana Decne.,Pyrus communis subsp. marianica,,
Pyrus communis L.,,,
Pyrus cordata Desv.,,,
Quercus ×subandegavensis A.Camus,Quercus Xsubandegavensis,,
Quercus canariensis Willd.,,,
Quercus coccifera L.,,,
Quercus faginea Lam.,,,
Quercus faginea Lam.,Quercus faginea Lam. subsp. alpestris (Boiss.) Maire,,
Quercus faginea Lam.,Quercus faginea Lam. subsp. broteroi (Cout.) A. Camus,,
Quercus faginea Lam.,Quercus faginea Lam. subsp. faginea,,
Quercus faginea Lam.,Quercus gaditana,,
Quercus faginea Lam.,Quercus marianica,,
Quercus ilex L.,,,
Quercus ilex L.,Quercus Xmixta,,
Quercus lusitanica Lam.,,,
"Quercus pauciradiata Penas, Llamas, Pérez Morales & Acedo",,,
Quercus petraea (Matt.) Liebl.,,,
Quercus pseudococcifera Desf.,Quercus coccifera subsp. rivasmartinezii,,
Quercus pseudococcifera Desf.,Quercus pseudococcifera,,
Quercus pyrenaica Willd.,,,
Quercus robur L.,,,
Quercus rotundifolia Lam.,Quercus rotundifofia,,
Quercus suber L.,,,
Quercus tlemcenensis Trab.,Quercus broteroi (Cout.) Rivas-Martínez,,
Quercus x alentejana Vázquez & Pinto-Gomes,Quercus Xneooirei_X_numantina,,
Quercus x alentejana Vázquez & Pinto-Gomes,,,
Quercus x alentejana Vázquez & Pinto-Gomes,Quercus Xwelwitschii Samp.,,
Quercus x tavaresii Samp.,,Quercus Xrobur_X_pyrenaica,
Quercus x tavaresii Samp.,,,
Quercus x tavaresii Samp.,Quercus Xandegavensis subsp. henriquesii,,
Quercus x tavaresii Samp.,Quercus Xhenriques?,,
Quercus x tlemecensis Trab.,Quercus Xjahandiezii A. Camus,,
Quercus x welwitschii Samp.,,Quercus Xandegavensi subsp. subandegavens,
Quercus Xauzandrii Gren. & Godr.,,,
Quercus Xcoutinhoi Samp.,"Quercus ×beturica (F.M.Vázquez, Coombes, Rodr.-Coombes, S.Ramos & Doncel) F.M.Vázquez, Vila-Viçosa, Meireles & Pinto Gomes",Quercus Xbeturica,
Quercus Xfontqueri O. Schwarz,,,
Quercus × trabutii Hy,,Quercus Xpyrenaica_X_petraea,
Rabelera holostea (L.) M.T.Sharples & E.A.Tripp,Stellaria holoatea,,
Rabelera holostea (L.) M.T.Sharples & E.A.Tripp,Stellaria holostea L.,,
Radiola linoides Roth,Radiola linoides (Hill) Roth,,
"Ranunculus acris subsp. acris L., 1753",Ranunculus acris L. subsp. acris,,
Ranunculus acris subsp. friesianus (Jord.) Syme,Ranunculus acris L. subsp. despectus M. Laínz,,
Ranunculus bulbosus L.,,,
Ranunculus bulbosus subsp. bulbosus,Ranunculus bulbosus L. subsp. bulbosus,,
Ranunculus bullatus L.,,,
Ranunculus bullatus L.,Ranunculus bulatus,,
Ranunculus ficaria L.,,,
Ranunculus gramineus L.,,,
Ranunculus gregarius Brot.,Ranunculus gregarias,,
Ranunculus neapolitanus Ten.,Ranunculus bulbosus L. subsp. aleae (Willk.) Rouy & Fouc.,,
Ranunculus nigrescens Freyn,,,
Ranunculus ollissiponensis Pers.,,,
Ranunculus ollissiponensis subsp. ollissiponensis,Ranunculus ollissiponensis Pers. subsp. ollissiponensis,,
Ranunculus omiophyllus Ten.,,,
Ranunculus paludosus Poir.,,,
Ranunculus platanifolius L.,,"Ranunculus paludosus Poir. subsp. gregarius (Brot.) Z. Díaz, comb. nova",
Ranunculus polyanthemos subsp. nemorosus (DC.) Schübl. & G.Martens,Ranunculus tuberosus Lapeyr.,,
Ranunculus repens L.,,,
Ranunculus trilobus Desf.,,,
Reseda media Lag.,,,
Retama sphaerocarpa (L.) Boiss.,,,
Rhagadiolus edulis Gaertn.,,,
Rhagadiolus stellatus (L.) Gaertn.,,,
Rhamnus alaternus L.,Rhamnus alaternus L. subsp. alaternus,,
Rhamnus cathartica L.,,,
Rhamnus fontquerianus,,,
Rhamnus lycioides L.,,,
Rhamnus lycioides subsp. laderoi Rivas Mart. & J.M.Pizarro,Rhamnus laderoi,,
Rhamnus lycioides subsp. lycioides,Rhamnus lycioides L. subsp. lycioides,,
Rhamnus oleoides,Rhamnus lycioides L. subsp. oleoides (L.) Maire in Jahand. & Maire,Rhamnus gr. lycioides L. subsp. oleoides (L.) Maire in Jahand. & Maire,
Rhaponticoides africana (Lam.) M.V.Agab. & Greuter,,,
Rhaponticoides fraylensis (Sch. Bip. ex Nyman) M.V. Agab. & Greuter,,,
Rhaponticum coniferum (L.) Greuter,,,
Rhododendron ponticum subsp. baeticum (Boiss. & Reut.) Hand.-Mazz.,Rhododendron ponticum L. subsp. baeticum (Boiss. & Reut.) Hand.-Mazz.,,
Rhus coriaria L.,,,
"Rhytidiadelphus triquetrus Warnstorf, 1906",Hypnum triquetrum,,
"Rhytidiadelphus triquetrus Warnstorf, 1906",Rhytidiadelphus triquetrus,,
Ribes alpinum L.,,,
Ribes petraeum Wulfen,,,
Robinia pseudoacacia L.,,,
Romulea bulbocodium (L.) Sebast. & Mauri,,,
Rosa agrestis Savi,,,
Rosa arvensis Huds.,,,
Rosa caesia Sm.,Rosa coriifolia Fr.,,
Rosa canina L.,,,
Rosa canina var. andegavensis (Bastard) N.H.F.Desp.,Rosa andegavensis Bastard,,
Rosa canina var. biserrata (Mérat) Chevall.,Rosa squarrosa (A. Rau) Boreau,,
Rosa canina var. blondaeana (Déségl.) Crép.,Rosa blondaeana Ripart ex Déségl.,,
Rosa corymbifera Borkh.,,,
Rosa corymbifera var. deseglisei (Boreau) Emb. & Maire,Rosa deseglisei Boreau,,
Rosa micrantha Borrer ex Sm.,Rosa gr. micrantha Borrer ex Sm. in Sowerby,,
Rosa micrantha Borrer ex Sm.,Rosa micrantha Borrer ex Sm. in Sowerby,,
Rosa micrantha subsp. micrantha,Rosa micrantha subsp. nemorosa,,
Rosa pouzinii Tratt.,,,
Rosa rubiginosa L.,,,
Rosa sempervirens L.,,,
Rosa sp.,,,
Rosa spinosissima L.,Rosa pimpinellifolia L.,Rosa pimpinellifolia L. subsp. pimpinellifolia,
Rubia agostinhoi Dans. & P.Silva,Rubia peregrina L. subsp. agostinhoi (Dans. & Silva) Valdés-Bermejo & López,,
Rubia peregrina L.,,,
Rubus castellarnaui Pau,,,
Rubus hirtus Waldst. & Kit.,,,
Rubus idaeus L.,,,
Rubus lusitanicus R.P.Murray,,,
Rubus plicatus Weihe & Nees,,,
Rubus praecox Bertol.,,,
Rubus rubus,,Rubus gr. rubus,
Rubus sp.,,,
Rubus ulmifolius Schott,,,
Rubus ulmifolius Schott,Rubus gr. ulmifolius Schott,,
"Rubus vigoi R. Roselló, Peris & Stübing",,,
Rumex acetosa L.,Rumex acetosa L. subsp. acetosa,,
Rumex acetosa subsp. biformis (Lange) Castrov. & Valdés Berm.,Rumex acetosa L. subsp. biformis (Lange) Castrov. & Valdés Berm.,,
Rumex acetosella L.,,,
Rumex acetosella subsp. angiocarpus (Murb.) Murb.,Rumex acetosella L. subsp. angiocarpus (Murb.) Murb.,,
Rumex arifolius All.,,,
Rumex bucephalophorus L.,Rumex bucephalophurus,,
Rumex bucephalophorus subsp. gallicus (Steinh.) Rech.fil.,Rumex bucephalophorus L. subsp. gallicus (Steinh.) Rchb. fil.,,
Rumex conglomeratus Murray,,,
Rumex induratus Boiss. & Reut.,Rumex scutatus L. subsp. induratus (Boiss. & Reut.) Nyman,,
Rumex intermedius DC.,Rumex intermedius DC. in Lam. & DC.,,
Rumex papillaris Boiss. & Reut.,Rumex papilaris,,
Ruscus aculeatus L.,,,
Ruta angustifolia Pers.,,,
Ruta chalepensis L.,,,
Ruta montana (L.) L.,,,
Salix alba L.,,,
Salix atrocinerea Brot.,,,
Salix eleagnos Scop.,,,
Salix fragilis L.,Salix Xrubens Schrank,,
Salvia rosmarinus Spenn.,Rosmarinus officinalis L.,,
Salvia sclareoides Brot.,,,
Salvia verbenaca L.,,,
Sambucus nigra L.,,,
Sambucus nigra L.,Sambucus nigra L. subsp. nigra,,
Sanguisorba hybrida (L.) Font Quer,,,
Sanguisorba minor Scop.,,,
Sanguisorba minor Scop. subsp. balearica (Bourg. ex Nyman) Muñoz Garm. & C. Navarro,,,
Sanguisorba rupicola (Boiss. & Reut.) A. Braun & C. D. Bouché,,,
Sanguisorba sp.,,,
Sanguisorba verrucosa (Link ex G. Don) Ces.,,,
Sanicula europaea L.,,,
Santolina chamaecyparissus L.,,,
Santolina semidentata Hoffmanns. & Link.,,,
Saponaria ocymoides L.,,,
Saponaria officinalis L.,,,
Sarothamnus sp.,,,
Satureja sp.,,,
Saxifraga fragosoi Sennen,,,
Saxifraga granulata L.,,,
Saxifraga spathularis Brot.,,,
Scabiosa columbaria L.,Scabiosa columbaria L. subsp. columbaria,,
Scandix australis subsp. microcarpa (Lange) Thell.,Scandix australis L. subsp. microcarpa (Lange) Thell. in Hegi,,
"Schedonorus arundinaceus subsp. arundinaceus (Schreb.) Dumort., 1824",Festuca arundinacea Schreb. subsp. arundinacea,,
Scilla monophyllos Link,,,
Scilla peruviana L.,,,
Scilla verna Huds.,,,
Scirpoides holoschoenus (L.) Soják,,,
"Scleropodium touretii L.F.Koch, 1949",Scleropodium illecebrum,,
Scolymus hispanicus L.,Scolymus hispanicus L. subsp. occidentalis F.M. Vázquez,,
Scolymus maculatus L.,,,
"Scorpiurium circinatum Fleischer & Loeske, 1907",Eurhynchium circinatum,,
Scorpiurus vermiculatus L.,,,
Scorzonera angustifolia L.,,,
Scrophularia alpestris Gay ex Benth.,Scrophularia alpestris J. Gay ex Benth.,,
Scrophularia auriculata L.,,,
"Scrophularia canina subsp. canina L., 1753",Scrophularia canina L. subsp. canina,,
Scrophularia herminii Hoffmanns. & Link,,,
Scrophularia scorodonia L.,Scrophularia scoradonia,,
Scutellaria minor Huds.,,,
Sedum album L.,,,
Sedum arenarium Brot.,,,
Sedum brevifolium DC.,,,
Sedum dasyphyllum L.,,,
Sedum hirsutum All.,,,
Selaginella denticulata (L.) Spring,,,
Selaginella denticulata (L.) Spring,Selaginella denticulate,,
Selinum broteri Hoffmanns. & Link,,,
Senecio doronicum (L.) L.,,,
Senecio gallicus Chaix,Senecio gallicus Chaix in Vill.,,
Senecio lividus L.,,,
Senecio lopezii Boiss.,,,
Senecio sylvaticus L.,,,
Serapias lingua L.,,,
Serratula sp.,,,
Serratula tinctoria L.,,,
Serratula tinctoria var. seoanei (Willk.) Samp.,Serratula tinctoria L. subsp. seoanei (Willk.) Lange,,
Sesamoides interrupta (Boreau) G. López,,,
Seseli cantabricum Lange,,,
Sherardia arvensis L.,,,
Sibthorpia europaea L.,,,
Sideritis hirsuta L.,,,
Sideritis hirsuta L.,Sideritis hirsuta var. hirtula,,
Sideritis lasiantha Juss. ex Pers.,,,
Silene acutifolia Link ex Rohrb.,,,
Silene aellenii Sennen,,,
Silene coronaria (L.) Clairv.,Lychnis coronaria (L.) Desr.,,
Silene coutinhoi Rothm. & P.Silva,Silene coutinhoi Rothm. & Pinto da Silva,,
Silene dioica (L.) Clairv.,,,
Silene flos-cuculi (L.) Greuter & Burdet,Lychnis flos-cuculi L.,,
Silene gallica L.,,,
Silene gracilis DC.,,,
Silene italica (L.) Pers.,,,
Silene latifolia Poir.,,,
Silene longicilia (Brot.) Otth,,,
Silene mellifera Boiss. & Reut.,,,
Silene nutans L.,Silene nutans L. subsp. nutans,,
Silene nutans L.,silene nutans,,
Silene patula Desf.,,,
Silene portensis L.,,,
Silene psammitis Link,Silene psammitis Link ex Spreng.,,
Silene rubella subsp. segetalis (Dufour) Nyman,Silene rubella L. subsp. segetalis (L.M. Dufour) Nyman,,
Silene scabriflora Brot.,,,
Silene scabriflora Brot.,Silene gr. scabriflora Brot.,,
Silene uniflora Roth,,,
Silene vulgaris (Moench) Garcke,,,
Silene vulgaris subsp. vulgaris,Silene vulgaris (Moench) Garcke subsp. vulgaris,,
Simethis mattiazzii (Vand.) Sacc.,Simethis matiazzi,,
Simethis mattiazzii (Vand.) Sacc.,Simethis mattiazzii (Vand.) G. López & Ch.E. Jarvis,,
Smilax aspera L.,,,
Smyrnium olusatrum L.,,,
Smyrnium perfoliatum L.,,,
Solanum dulcamara L.,,,
Solidago virgaurea L.,,,
Sonchus asper (L.) Hill,,,
Sonchus asper subsp. asper,Sonchus asper (L.) Hill subsp. asper,,
Sonchus glaucescens Jord.,Sonchus asper (L.) Hill subsp. glaucescens (Jord.) Ball,,
Sonchus tenerrimus L.,,,
Sorbus aucuparia L.,,,
Spergula morisonii Boreau,,,
Spergularia purpurea (Pers.) G. Don,,,
Stachys germanica L.,,,
Stachys sylvatica L.,,,
Staehelina dubia L.,,,
Stauracanthus boivinii (Webb) Samp.,Nepa boivinii (Webb) Webb,,
Stauracanthus genistoides (Brot.) Samp.,,,
Stellaria alsine Grimm.,,,
Stellaria graminea L.,,,
Stellaria media (L.) Vill.,,,
Stipa lagascae Roem. & Schult.,,,
Struthiopteris spicant (L.) Weiss,Blechnum spicant subsp. spicant (L.) Roth,,
Succisa pratensis Moench,,,
Symphytum tuberosum L.,,,
Taeniatherum caput-medusae (L.) Nevski,,,
Tanacetum corymbosum (L.) Sch. Bip.,,,
Taraxacum nordstedtii Dahlst.,,,
Taraxacum sp.,,,
Taxus baccata L.,,,
Teesdalia coronopifolia (Bergeret ex Steud.) Thell.,Teesdalia coronopifolia (J. P. Bergeret) Thell.,,
Teesdalia nudicaulis (L.) R.Br.,Teesdalia nudicaulis (L.) R. Br. in W.T. Aiton,,
Teesdalia sp.,,,
Teucrium capitatum L.,,,
Teucrium chamaedrys L.,,,
Teucrium eriocephalum subsp. almeriense (C.E.Hubb. & Sandwith) T.Navarro & Rosua,Teucrium eriocephalum Willk. subsp. almeriense (C.E. Hubb. & Sandwith) T. Navarro & Rosúa,,
Teucrium fruticans L.,,,
Teucrium haenseleri Boiss.,,,
Teucrium hieronymi Sennen,,,
Teucrium lusitanicum Schreb.,,,
Teucrium pseudochamaepitys L.,,,
Teucrium pseudoscorodonia Desf.,Teucrium pseudo-scorodonia Desf.,,
Teucrium pyrenaicum L.,,,
Teucrium salviastrum Schreb.,,,
Teucrium scorodonia L.,,,
Teucrium scorodonia L. subsp. scorodonia,,,
Thalictrum minus L.,,,
Thalictrum speciosissimum L.,Thalictrum speciosissimum L. in Loefl.,,
"Thapsia eliasii (Sennen & Pau) Wojew., Banasiak, Reduron & Spalik",Laserpitium eliasii Sennen & Pau,,
"Thapsia eliasii (Sennen & Pau) Wojew., Banasiak, Reduron & Spalik",Laserpitium eliasii Sennen & Pau subsp. thalictrifolium (Samp.) P. Monts.,,
"Thapsia eliasii (Sennen & Pau) Wojew., Banasiak, Reduron & Spalik",Laserpitium nestleri subsp. thalictrifoll,,
Thapsia foetida L.,Elaeoselinum foetidum (L.) Boiss.,,
Thapsia gummifera (Desf.) Spreng.,Margotia gummifera (Desf.) Lange in Willk. & Lange,,
"Thapsia nestleri (Soy.-Will.) Wojew., Banasiak, Reduron & Spalik",Laserpitium nestleri Soy.-Will.,,
Thapsia nitida Lacaita,,,
Thapsia transtagana Brot.,,,
Thapsia villosa L.,,,
Thesium humifusum DC.,Thesium humifusum DC. in Lam. & DC.,,
Thesium pyrenaicum Pourr.,,,
Thrincia hispida (Roth) Roth,Leontodon longirostris (Finch & P.D. Sell) Talavera in Valdés & al.,Leontodon taraxacoides (Vill.) Mérat subsp. hispidus (Roth) Kerguélen,
Thrincia saxatilis (Lam.) Holub & Moravec,Leontodon taraxacoides (Vill.) Mérat,,
Thrincia tuberosa (L.) DC.,Leontodon tuberosus L.,,
Thuidium tamariscinum,,Thrincia rothii,
Thuydium sp.,,,
Thymbra capitata (L.) Cav.,,,
Thymelaea ruizii Loscos ex Casav.,Thymelaea ruizii Loscos,,
Thymelaea villosa (L.) Endl.,,,
Thymelaea villosa (L.) Endl.,Thymelea villosa,,
Thymus baeticus Boiss. ex Lacaita,,,
Thymus capitellatus Hoffmanns. & Link,,,
Thymus hyemalis Lange subsp. hyemalis,,,
Thymus hyemalis Lange,Thymus hyemalis Lange subsp. hyemalis,,
Thymus mastichina L.,,,
Thymus praecox Opiz,,,
Thymus praecox subsp. britannicus (Ronniger) Holub,Thymus praecox Opiz subsp. britannicus (Ronniger) J. Holub,,
Thymus villosus L.,,,
Thymus zygis L.,Thymus zygis Loefl. ex L.,Thymus zygis Loefl. ex L. subsp. zygis,
Thymus zygis subsp. gracilis (Boiss.) R.Morales,Thymus zygis Loefl. ex L. subsp. gracilis (Boiss.) R. Morales,,
Thymus zygis subsp. sylvestris (Hoffmanns. & Link) Cout.,Thymus zygis Loefl. ex L. subsp. sylvestris (Hoffmanns. & Link) Cout.,,
Thymus zygis subsp. zygis,Thymus zygis Loefl. ex L. subsp. zygis,,
Tilia platyphyllos Scop.,,,
Tolpis umbellata Bertol.,,,
Torilis africana Spreng.,Torilis arvensis (Huds.) Link subsp. purpurea (Ten.) Hayek,,
Torilis arvensis (Huds.) Link,,,
Torilis arvensis subsp. neglecta (Spreng.) Thell.,Torilis arvensis (Huds.) Link subsp. neglecta (Schult.) Thell. in Hegi,,
Torilis leptophylla (L.) Rchb.fil.,Torilis leptophylla (L.) Rchb. fil. in Rchb.,,
Torilis nodosa (L.) Gaertn.,Tordilis nodosa,,
Torminalis glaberrima (Gand.) Sennikov & Kurtto,Sorbus torminalis (L.) Crantz,,
Tradescantia fluminensis Vell.,,,
Trifolium angustifolium L.,,,
Trifolium arvense L.,,,
Trifolium campestre Schreb.,Trifolium campestre Schreb. in Sturm,,
Trifolium dubium Sibth.,,,
Trifolium glomeratum L.,,,
Trifolium lappaceum L.,,,
Trifolium ligusticum Balb. ex Loisel.,,,
Trifolium medium L.,,,
Trifolium ochroleucon Huds.,,,
Trifolium pratense L.,,,
"Trifolium pratense subsp. pratense L., 1753",Trifolium pratense L. subsp. pratense,,
Trifolium repens L.,,,
Trifolium resupinatum L.,,,
Trifolium rubens L.,,,
Trifolium scabrum L.,,,
Trifolium stellatum L.,,,
Trifolium subterraneum L.,,,
Trisetum flavescens (L.) P. Beauv.,Trisetum flaveseens,,
Trommsdorffia maculata subsp. maculata,Hypochaeris maculata L.,,
Tuberaria globulariifolia (Lam.) Willk.,"Xolantha globulariifolia (Lam.) Gallego, Muñoz Garm. & C. Navarro",,
Tuberaria guttata (L.) Fourr.,,,
Tuberaria lignosa (Sweet) Samp.,,,
Tulipa sylvestris subsp. australis (Link) Pamp.,Tulipa sylvestris L. subsp. australis (Link) Pamp.,,
Ulex airensis Espírito Santo & al.,,,
Ulex argenteus Welw. ex Webb,,,
Ulex argenteus subsp. argenteus,Ulex argenteus Welw. ex Webb subsp. argenteus,,
Ulex australis Clemente,,,
Ulex australis subsp. australis,Ulex australis Clemente subsp. australis,,
"Ulex australis subsp. welwitschianus (Planch.) Esp.Santo, Cubas, Lousã, C.Pardo & J.C.Costa",Ulex australis Clemente subsp. welwitschianus (Planch.) Espírito Santo & al.,,
Ulex baeticus Boiss.,,,
Ulex baeticus subsp. scaber (Kunze) Cubas,Ulex baeticus Boiss. subsp. scaber (Kunze) Cubas,,
Ulex borgiae Rivas Mart.,,,
Ulex densus Welw. ex Webb,,,
Ulex eriocladus C. Vicioso,,,
Ulex europaeus L.,Ulex europeaus,Ulex europaeus L. subsp. europaeus,
Ulex europaeus subsp. latebracteatus (Mariz) Rothm.,Ulex europaeus L. subsp. latebracteatus (Mariz) Rothm.,,
Ulex gallii Planch.,,,
Ulex jussiaei Webb,,,
Ulex minor Roth,,,
Ulex parviflorus Pourr.,Ulex parviflorus Pourr. subsp. parviflorus,,
Ulmus glabra Huds.,,,
Ulmus minor Mill.,,,
Umbilicus heylandianus Webb & Berth.,,,
Umbilicus rupestris (Salisb.) Dandy in Ridd. & al.,,,
Urospermum picroides (L.) Scop. ex F.W. Schmidt,,,
Urtica dioica L.,,,
Urtica membranacea Poir.,Urtica membranacea Poir. in Lam.,,
Vaccinium myrtillus L.,,,
Valeriana pyrenaica L.,,,
Valerianella locusta (L.) Laterr.,Valerianella locusta (L.) Laterr. subsp. locusta,,
Valerianella locusta subsp. lusitanica (Pau ex Font Quer) Laínz,Valerianella locusta (L.) Laterr. subsp. lusitanica (Pau ex Font Quer) M. Laínz,,
Verbascum dentifolium Delile,,,
Verbascum thapsus L.,,,
Veronica arvensis L.,,,
Veronica chamaedrys L.,Veronica chamaedrys L. subsp. chamaedrys,,
Veronica hederifolia L.,,,
Veronica montana L.,,,
Veronica officinalis L.,,,
Veronica verna L.,,,
Viburnum lantana L.,,,
Viburnum opulus L.,,,
Viburnum tinus L.,,,
Vicia benghalensis L.,,,
Vicia cracca L.,,,
Vicia disperma DC.,,,
Vicia hirsuta (L.) Gray,,,
Vicia incana Gouan,Vicia cracca L. subsp. incana (Gouan) Rouy,,
Vicia lutea L.,,,
Vicia orobus DC.,Vicia orobus DC. in Lam. & DC.,,
Vicia parviflora Cav.,,,
Vicia pubescens (DC.) Link,,,
Vicia sativa L.,Vicia sativa L. subsp. sativa,,
Vicia sativa subsp. nigra Ehrh.,Vicia angustifolia L.,,
Vicia sepium L.,,,
Vicia tenuifolia Roth,,,
Vicia tetrasperma (L.) Schreb.,,,
Vinca difformis Pourr.,,,
Vincetoxicum nigrum (L.) Moench,,,
Viola alba Besser,,,
Viola arvensis Murray,,,
Viola canina L.,,,
"Viola canina subsp. canina L., 1753",Viola sylvestris Lam.,Viola gr. sylvestris Lam.,Viola sylvestris Lam. subsp. sylvestris
Viola hirta L.,,,
Viola kitaibeliana Schult.,Viola kitaibeliana Schult. in Roem. & Schult.,,
Viola odorata L.,,,
Viola riviniana Rchb.,Viola sylvestris Lam. subsp. riviniana (Rchb.) Tourlet,,
"Viola sepincola subsp. glabrescens W.Becker, 1910",Viola sepinicola subsp. glabrescens,,
Viola sp.,,,
Viola tricolor L.,,,
Viscum album L.,,,
Vitis gmelinii Buttler,Vitis vinifera L. subsp. sylvestris (C.C. Gmel.) Hegi,,
Vitis vinifera L.,,,
"Vulpia ciliata subsp. ciliata Dumort., 1824",Vulpia ciliata Dumort. subsp. ciliata,,
"Weissia brachycarpa Juratzka, 1882",Hymenostomum microstomum,,
Woodwardia radicans (L.) Sm.,,,
Ziziphus lotus (L.) Lam.,,,
,,,
,,,
,,,
,,,
,,,
,,,
,,,
,,,
,,,
,,,
,,,
,,,
,,,
,,,
,,,
,,,
,,,
,,,
,,,
,,,
,,,
,,,
,,,
,,,
,,,
,,,
,,,
,,,
,,,
,,,
